t,ref,resp,err
0.000000,-0.610865,-0.597963,0.012902
0.010052,-0.610865,-0.597963,0.012902
0.020101,-0.610865,-0.597963,0.012902
0.030151,-0.610865,-0.597963,0.012902
0.040202,-0.610865,-0.597963,0.012902
0.050258,-0.610865,-0.597963,0.012902
0.060309,-0.610865,-0.597963,0.012902
0.070362,-0.610865,-0.597963,0.012902
0.080413,-0.610865,-0.597963,0.012902
0.090464,-0.610865,-0.597963,0.012902
0.100522,-0.610865,-0.597963,0.012902
0.110574,-0.610865,-0.597963,0.012902
0.120635,-0.610865,-0.597963,0.012902
0.130694,-0.610865,-0.597963,0.012902
0.140789,-0.610865,-0.597963,0.012902
0.150852,-0.610865,-0.597963,0.012902
0.160912,-0.610865,-0.597963,0.012902
0.170975,-0.610865,-0.597963,0.012902
0.181033,-0.610865,-0.597963,0.012902
0.191087,-0.610865,-0.597963,0.012902
0.201146,-0.610865,-0.597963,0.012902
0.211207,-0.610865,-0.597963,0.012902
0.221266,-0.610865,-0.597963,0.012902
0.231323,-0.610865,-0.597963,0.012902
0.241383,-0.610865,-0.597963,0.012902
0.251444,-0.610865,-0.597963,0.012902
0.261505,-0.610865,-0.597963,0.012902
0.271565,-0.610865,-0.597963,0.012902
0.281626,-0.610865,-0.597963,0.012902
0.291685,-0.610865,-0.597963,0.012902
0.301742,-0.610865,-0.597963,0.012902
0.311803,-0.610865,-0.597963,0.012902
0.321860,-0.610865,-0.597963,0.012902
0.331919,-0.610865,-0.597963,0.012902
0.341982,-0.610865,-0.597963,0.012902
0.352045,-0.610865,-0.597963,0.012902
0.362105,-0.610865,-0.597963,0.012902
0.372168,-0.610865,-0.597963,0.012902
0.382228,-0.610865,-0.597963,0.012902
0.392289,-0.610865,-0.597963,0.012902
0.402349,-0.610865,-0.597963,0.012902
0.412412,-0.610865,-0.597963,0.012902
0.422472,-0.610865,-0.597963,0.012902
0.432533,-0.610865,-0.597963,0.012902
0.442593,-0.610865,-0.597963,0.012902
0.452655,-0.610865,-0.597963,0.012902
0.462719,-0.610865,-0.597963,0.012902
0.472776,-0.610865,-0.597963,0.012902
0.482833,-0.610865,-0.597963,0.012902
0.492896,-0.610865,-0.597963,0.012902
0.502954,-0.610865,-0.597963,0.012902
0.513013,-0.610865,-0.597963,0.012902
0.523074,-0.610865,-0.597963,0.012902
0.533133,-0.610865,-0.597963,0.012902
0.543197,-0.610865,-0.597963,0.012902
0.553261,-0.610865,-0.597963,0.012902
0.563313,-0.610865,-0.597963,0.012902
0.573373,-0.610865,-0.597963,0.012902
0.583426,-0.610865,-0.597963,0.012902
0.593477,-0.610865,-0.597963,0.012902
0.603526,-0.610865,-0.597963,0.012902
0.613575,-0.610865,-0.597963,0.012902
0.623626,-0.610865,-0.597963,0.012902
0.633676,-0.610865,-0.597963,0.012902
0.643732,-0.610865,-0.597963,0.012902
0.653792,-0.610865,-0.597963,0.012902
0.663852,-0.610865,-0.597963,0.012902
0.673911,-0.610865,-0.597963,0.012902
0.683968,-0.610865,-0.597963,0.012902
0.694018,-0.610865,-0.597963,0.012902
0.704070,-0.610865,-0.597963,0.012902
0.714121,-0.610865,-0.597963,0.012902
0.724172,-0.610865,-0.597963,0.012902
0.734225,-0.610865,-0.597963,0.012902
0.744274,-0.610865,-0.597963,0.012902
0.754325,-0.610865,-0.597963,0.012902
0.764379,-0.610865,-0.597963,0.012902
0.774428,-0.610865,-0.597963,0.012902
0.784481,-0.610865,-0.597963,0.012902
0.794531,-0.610865,-0.597963,0.012902
0.804594,-0.610865,-0.597963,0.012902
0.814715,-0.610865,-0.597963,0.012902
0.824773,-0.610865,-0.597963,0.012902
0.834834,-0.610865,-0.597963,0.012902
0.844901,-0.610865,-0.597963,0.012902
0.854963,-0.610865,-0.597963,0.012902
0.865026,-0.610865,-0.597963,0.012902
0.875087,-0.610865,-0.597963,0.012902
0.885150,-0.610865,-0.597963,0.012902
0.895209,-0.610865,-0.597963,0.012902
0.905270,-0.610865,-0.597963,0.012902
0.915335,-0.610865,-0.597963,0.012902
0.925395,-0.610865,-0.597963,0.012902
0.935457,-0.610865,-0.597963,0.012902
0.945527,-0.610865,-0.597963,0.012902
0.955590,-0.610865,-0.597963,0.012902
0.965649,-0.610865,-0.597963,0.012902
0.975710,-0.610865,-0.597963,0.012902
0.985770,-0.610865,-0.597963,0.012902
0.995831,-0.610865,-0.597963,0.012902
1.005888,-0.609838,-0.597963,0.011875
1.015942,-0.608083,-0.597963,0.010120
1.025993,-0.606329,-0.597963,0.008366
1.036043,-0.604574,-0.597963,0.006612
1.046097,-0.602820,-0.597963,0.004857
1.056150,-0.601065,-0.597963,0.003102
1.066200,-0.599311,-0.597963,0.001348
1.076249,-0.597557,-0.597963,-0.000406
1.086300,-0.595803,-0.597963,-0.002160
1.096352,-0.594049,-0.597963,-0.003914
1.106404,-0.592294,-0.597963,-0.005669
1.116454,-0.590540,-0.597963,-0.007423
1.126506,-0.588786,-0.597963,-0.009177
1.136556,-0.587032,-0.597963,-0.010931
1.146606,-0.585278,-0.597963,-0.012685
1.156657,-0.583523,-0.597963,-0.014440
1.166711,-0.581769,-0.597581,-0.015813
1.176763,-0.580014,-0.597581,-0.017567
1.186813,-0.578260,-0.597200,-0.018940
1.196865,-0.576506,-0.596056,-0.019550
1.206913,-0.574752,-0.595293,-0.020541
1.216962,-0.572998,-0.594148,-0.021150
1.227012,-0.571244,-0.593767,-0.022523
1.237063,-0.569490,-0.593004,-0.023514
1.247081,-0.567741,-0.592241,-0.024499
1.257134,-0.565987,-0.591096,-0.025110
1.267186,-0.564232,-0.588808,-0.024575
1.277237,-0.562478,-0.587663,-0.025185
1.287286,-0.560724,-0.586137,-0.025413
1.297336,-0.558970,-0.584993,-0.026022
1.307388,-0.557216,-0.583085,-0.025870
1.317439,-0.555462,-0.581941,-0.026479
1.327489,-0.553708,-0.580034,-0.026326
1.337541,-0.551953,-0.578508,-0.026554
1.347594,-0.550199,-0.576600,-0.026402
1.357644,-0.548445,-0.575074,-0.026630
1.367696,-0.546690,-0.573167,-0.026477
1.377745,-0.544936,-0.571260,-0.026323
1.387793,-0.543183,-0.569352,-0.026170
1.397843,-0.541429,-0.567826,-0.026398
1.407895,-0.539674,-0.565919,-0.026245
1.417944,-0.537920,-0.564393,-0.026473
1.427993,-0.536166,-0.561341,-0.025175
1.438043,-0.534412,-0.560197,-0.025785
1.448096,-0.532658,-0.557908,-0.025250
1.458148,-0.530903,-0.556001,-0.025097
1.468197,-0.529149,-0.554475,-0.025325
1.478250,-0.527395,-0.552949,-0.025554
1.488300,-0.525641,-0.551423,-0.025782
1.498353,-0.523886,-0.548753,-0.024866
1.508402,-0.522132,-0.547227,-0.025094
1.518452,-0.520378,-0.545701,-0.025322
1.528502,-0.518624,-0.543793,-0.025169
1.538553,-0.516870,-0.541505,-0.024635
1.548604,-0.515116,-0.540360,-0.025244
1.558657,-0.513361,-0.537690,-0.024329
1.568706,-0.511607,-0.536164,-0.024557
1.578757,-0.509853,-0.533875,-0.024022
1.588809,-0.508099,-0.532731,-0.024632
1.598858,-0.506345,-0.530442,-0.024097
1.608909,-0.504591,-0.528534,-0.023944
1.618960,-0.502836,-0.527008,-0.024172
1.629011,-0.501082,-0.525483,-0.024400
1.639059,-0.499328,-0.522812,-0.023484
1.649111,-0.497574,-0.521286,-0.023712
1.659161,-0.495820,-0.520142,-0.024322
1.669210,-0.494066,-0.517853,-0.023787
1.679260,-0.492312,-0.515946,-0.023634
1.689311,-0.490558,-0.514038,-0.023480
1.699362,-0.488804,-0.512894,-0.024090
1.709414,-0.487049,-0.510224,-0.023174
1.719464,-0.485295,-0.508698,-0.023403
1.729514,-0.483541,-0.506790,-0.023249
1.739564,-0.481787,-0.505264,-0.023477
1.749616,-0.480032,-0.502976,-0.022943
1.759667,-0.478278,-0.501450,-0.023171
1.769717,-0.476524,-0.499924,-0.023399
1.779771,-0.474770,-0.498398,-0.023628
1.789823,-0.473015,-0.496109,-0.023094
1.799875,-0.471261,-0.494965,-0.023704
1.809927,-0.469506,-0.492676,-0.023169
1.819980,-0.467752,-0.491150,-0.023398
1.830033,-0.465997,-0.488861,-0.022864
1.840085,-0.464243,-0.487716,-0.023474
1.850152,-0.462486,-0.485428,-0.022942
1.860215,-0.460729,-0.483902,-0.023172
1.870277,-0.458973,-0.482376,-0.023403
1.880338,-0.457217,-0.480850,-0.023633
1.890397,-0.455462,-0.479324,-0.023862
1.900457,-0.453706,-0.476654,-0.022948
1.910519,-0.451950,-0.475509,-0.023560
1.920580,-0.450194,-0.473602,-0.023408
1.930633,-0.448439,-0.471695,-0.023255
1.940686,-0.446685,-0.469406,-0.022721
1.950749,-0.444928,-0.468261,-0.023333
1.960813,-0.443172,-0.465972,-0.022801
1.970874,-0.441416,-0.464065,-0.022649
1.980931,-0.439660,-0.461776,-0.022116
1.990992,-0.437904,-0.460250,-0.022346
2.001051,-0.436149,-0.457580,-0.021431
2.011114,-0.434393,-0.456054,-0.021661
2.021168,-0.432638,-0.453765,-0.021127
2.031218,-0.430884,-0.452239,-0.021356
2.041269,-0.429130,-0.449569,-0.020439
2.051321,-0.427375,-0.448425,-0.021049
2.061373,-0.425621,-0.446136,-0.020515
2.071423,-0.423867,-0.444228,-0.020362
2.081475,-0.422112,-0.442321,-0.020209
2.091528,-0.420358,-0.441176,-0.020819
2.101579,-0.418603,-0.439651,-0.021047
2.111632,-0.416849,-0.436980,-0.020131
2.121681,-0.415095,-0.436217,-0.021122
2.131732,-0.413341,-0.434310,-0.020969
2.141795,-0.411584,-0.432784,-0.021200
2.151856,-0.409828,-0.430877,-0.021048
2.161914,-0.408073,-0.430114,-0.022041
2.171971,-0.406318,-0.428206,-0.021889
2.182031,-0.404562,-0.426680,-0.022118
2.192094,-0.402806,-0.425154,-0.022349
2.202150,-0.401050,-0.424010,-0.022960
2.212209,-0.399295,-0.422103,-0.022808
2.222270,-0.397539,-0.420577,-0.023038
2.232334,-0.395782,-0.418669,-0.022887
2.242396,-0.394026,-0.417144,-0.023117
2.252460,-0.392270,-0.415236,-0.022966
2.262522,-0.390514,-0.413329,-0.022815
2.272582,-0.388758,-0.411040,-0.022282
2.282646,-0.387001,-0.409514,-0.022513
2.292700,-0.385247,-0.407607,-0.022360
2.302761,-0.383491,-0.405699,-0.022209
2.312822,-0.381735,-0.403792,-0.022057
2.322883,-0.379979,-0.402266,-0.022287
2.332946,-0.378222,-0.400740,-0.022518
2.343004,-0.376467,-0.398070,-0.021603
2.353067,-0.374711,-0.396544,-0.021833
2.363126,-0.372955,-0.394636,-0.021682
2.373189,-0.371199,-0.392729,-0.021530
2.383252,-0.369442,-0.390440,-0.020998
2.393306,-0.367687,-0.389296,-0.021608
2.403368,-0.365931,-0.386625,-0.020694
2.413431,-0.364175,-0.385100,-0.020925
2.423497,-0.362418,-0.383192,-0.020774
2.433560,-0.360662,-0.381666,-0.021005
2.443621,-0.358906,-0.378996,-0.020090
2.453685,-0.357149,-0.377470,-0.020321
2.463748,-0.355393,-0.375181,-0.019788
2.473812,-0.353636,-0.373655,-0.020019
2.483874,-0.351880,-0.370985,-0.019105
2.493937,-0.350124,-0.369841,-0.019716
2.503990,-0.348369,-0.367933,-0.019564
2.514052,-0.346613,-0.366026,-0.019412
2.524115,-0.344857,-0.364881,-0.020024
2.534177,-0.343101,-0.363355,-0.020255
2.544239,-0.341345,-0.361830,-0.020485
2.554304,-0.339588,-0.359541,-0.019953
2.564357,-0.337833,-0.358396,-0.020563
2.574410,-0.336079,-0.357633,-0.021554
2.584465,-0.334324,-0.356489,-0.022165
2.594515,-0.332570,-0.354963,-0.022393
2.604577,-0.330814,-0.353819,-0.023005
2.614638,-0.329058,-0.352674,-0.023616
2.624694,-0.327303,-0.351530,-0.024227
2.634747,-0.325548,-0.350004,-0.024456
2.644806,-0.323793,-0.349241,-0.025448
2.654859,-0.322038,-0.347333,-0.025296
2.664911,-0.320283,-0.345808,-0.025524
2.674963,-0.318529,-0.343519,-0.024990
2.685014,-0.316775,-0.341611,-0.024837
2.695063,-0.315021,-0.339322,-0.024302
2.705112,-0.313267,-0.337797,-0.024530
2.715164,-0.311513,-0.335508,-0.023995
2.725216,-0.309758,-0.333600,-0.023842
2.735267,-0.308004,-0.331693,-0.023689
2.745319,-0.306250,-0.330167,-0.023917
2.755451,-0.304481,-0.327878,-0.023397
2.765500,-0.302727,-0.325971,-0.023244
2.775551,-0.300973,-0.324826,-0.023853
2.785602,-0.299219,-0.322919,-0.023700
2.795654,-0.297465,-0.321393,-0.023929
2.805704,-0.295710,-0.319104,-0.023394
2.815756,-0.293956,-0.317960,-0.024004
2.825805,-0.292202,-0.316052,-0.023850
2.835856,-0.290448,-0.314145,-0.023697
2.845910,-0.288693,-0.312238,-0.023545
2.855963,-0.286939,-0.310712,-0.023773
2.866016,-0.285184,-0.308042,-0.022857
2.876064,-0.283430,-0.306516,-0.023085
2.886114,-0.281676,-0.304227,-0.022551
2.896165,-0.279922,-0.302701,-0.022779
2.906214,-0.278168,-0.300031,-0.021862
2.916266,-0.276414,-0.298123,-0.021709
2.926323,-0.274658,-0.295834,-0.021176
2.936375,-0.272904,-0.293927,-0.021023
2.946438,-0.271148,-0.291638,-0.020490
2.956504,-0.269391,-0.290112,-0.020721
2.966654,-0.267619,-0.287823,-0.020204
2.976717,-0.265863,-0.286297,-0.020434
2.986768,-0.264109,-0.285153,-0.021044
2.996829,-0.262353,-0.283246,-0.020893
3.006879,-0.263000,-0.281720,-0.018720
3.016930,-0.264754,-0.280194,-0.015440
3.026980,-0.266508,-0.279049,-0.012541
3.037031,-0.268263,-0.277905,-0.009642
3.047084,-0.270017,-0.277142,-0.007125
3.057137,-0.271772,-0.275998,-0.004226
3.067189,-0.273526,-0.275235,-0.001708
3.077238,-0.275280,-0.274853,0.000427
3.087289,-0.277034,-0.274853,0.002181
3.097340,-0.278788,-0.274853,0.003935
3.107402,-0.280545,-0.274853,0.005691
3.117466,-0.282301,-0.274853,0.007448
3.127518,-0.284055,-0.274853,0.009202
3.137570,-0.285810,-0.275235,0.010575
3.147621,-0.287564,-0.275235,0.012329
3.157672,-0.289318,-0.275235,0.014084
3.167727,-0.291073,-0.275235,0.015839
3.177779,-0.292828,-0.275235,0.017593
3.187830,-0.294582,-0.275235,0.019347
3.197881,-0.296336,-0.275235,0.021102
3.207933,-0.298090,-0.275235,0.022856
3.217981,-0.299844,-0.275235,0.024610
3.228032,-0.301599,-0.275235,0.026364
3.238082,-0.303353,-0.275235,0.028118
3.248137,-0.305107,-0.275235,0.029873
3.258188,-0.306862,-0.275235,0.031627
3.268239,-0.308616,-0.275235,0.033381
3.278290,-0.310370,-0.275235,0.035135
3.288339,-0.312124,-0.275235,0.036889
3.298388,-0.313878,-0.275235,0.038643
3.308438,-0.315632,-0.275235,0.040397
3.318487,-0.317386,-0.275616,0.041770
3.328539,-0.319140,-0.275998,0.043143
3.338589,-0.320894,-0.275998,0.044897
3.348641,-0.322649,-0.275998,0.046651
3.358691,-0.324403,-0.275998,0.048405
3.368750,-0.326158,-0.275998,0.050161
3.378802,-0.327913,-0.275998,0.051915
3.388850,-0.329667,-0.275998,0.053669
3.398900,-0.331421,-0.275998,0.055423
3.408950,-0.333175,-0.275998,0.057177
3.419001,-0.334929,-0.275998,0.058931
3.429050,-0.336683,-0.275998,0.060685
3.439099,-0.338437,-0.276379,0.062058
3.449150,-0.340191,-0.276379,0.063812
3.459201,-0.341945,-0.276761,0.065185
3.469252,-0.343699,-0.277905,0.065794
3.479305,-0.345454,-0.279431,0.066023
3.489355,-0.347208,-0.280957,0.066251
3.499406,-0.348962,-0.283627,0.065335
3.509456,-0.350716,-0.285534,0.065182
3.519507,-0.352470,-0.288968,0.063503
3.529556,-0.354224,-0.290875,0.063349
3.539608,-0.355979,-0.294308,0.061670
3.549658,-0.357733,-0.296979,0.060754
3.559764,-0.359497,-0.300412,0.059085
3.569813,-0.361251,-0.303082,0.058168
3.579862,-0.363004,-0.304990,0.058015
3.589911,-0.364758,-0.308423,0.056335
3.599962,-0.366513,-0.310330,0.056182
3.610014,-0.368267,-0.313001,0.055266
3.620066,-0.370021,-0.315290,0.054732
3.630079,-0.371769,-0.317960,0.053809
3.640131,-0.373523,-0.319867,0.053656
3.650186,-0.375278,-0.322538,0.052741
3.660237,-0.377032,-0.324063,0.052969
3.670289,-0.378787,-0.325971,0.052816
3.680341,-0.380541,-0.327497,0.053045
3.690393,-0.382296,-0.329404,0.052892
3.700442,-0.384050,-0.330549,0.053501
3.710495,-0.385804,-0.332837,0.052967
3.720545,-0.387558,-0.334363,0.053195
3.730598,-0.389313,-0.335508,0.053805
3.740651,-0.391067,-0.336652,0.054415
3.750763,-0.392832,-0.338560,0.054273
3.760813,-0.394586,-0.339704,0.054882
3.770866,-0.396341,-0.340467,0.055874
3.780917,-0.398095,-0.342374,0.055721
3.790968,-0.399849,-0.343519,0.056331
3.801019,-0.401604,-0.344663,0.056941
3.811071,-0.403358,-0.346189,0.057169
3.821123,-0.405112,-0.348096,0.057016
3.831174,-0.406867,-0.349622,0.057244
3.841225,-0.408621,-0.351530,0.057091
3.851275,-0.410375,-0.353056,0.057319
3.861326,-0.412129,-0.355344,0.056785
3.871379,-0.413884,-0.356489,0.057395
3.881429,-0.415638,-0.358778,0.056860
3.891479,-0.417392,-0.360685,0.056707
3.901529,-0.419146,-0.362593,0.056553
3.911579,-0.420900,-0.364118,0.056781
3.921629,-0.422654,-0.367170,0.055484
3.931680,-0.424408,-0.368696,0.055712
3.941748,-0.426165,-0.370985,0.055180
3.951802,-0.427920,-0.372892,0.055028
3.961853,-0.429674,-0.374800,0.054875
3.971904,-0.431429,-0.377089,0.054340
3.981955,-0.433183,-0.378614,0.054568
3.992006,-0.434937,-0.381666,0.053271
4.002057,-0.436691,-0.383192,0.053499
4.012079,-0.438441,-0.385863,0.052578
4.022130,-0.440195,-0.387770,0.052425
4.032179,-0.441949,-0.389677,0.052271
4.042233,-0.443703,-0.391203,0.052500
4.052287,-0.445458,-0.393874,0.051585
4.062340,-0.447213,-0.395399,0.051813
4.072391,-0.448967,-0.397688,0.051279
4.082443,-0.450721,-0.399596,0.051126
4.092495,-0.452476,-0.401503,0.050973
4.102548,-0.454230,-0.402647,0.051583
4.112598,-0.455984,-0.404555,0.051429
4.122649,-0.457739,-0.406081,0.051658
4.132701,-0.459493,-0.407607,0.051886
4.142764,-0.461249,-0.408370,0.052880
4.152830,-0.463006,-0.409895,0.053111
4.162892,-0.464762,-0.412184,0.052578
4.172953,-0.466518,-0.412947,0.053571
4.183016,-0.468275,-0.414473,0.053801
4.193075,-0.470030,-0.415999,0.054031
4.203090,-0.471778,-0.417906,0.053872
4.213150,-0.473534,-0.419051,0.054483
4.223211,-0.475290,-0.420958,0.054332
4.233272,-0.477046,-0.422484,0.054562
4.243333,-0.478802,-0.424392,0.054410
4.253399,-0.480559,-0.425536,0.055023
4.263461,-0.482315,-0.427825,0.054490
4.273524,-0.484071,-0.429351,0.054720
4.283584,-0.485827,-0.432021,0.053806
4.293646,-0.487583,-0.433547,0.054036
4.303703,-0.489339,-0.435836,0.053503
4.313767,-0.491095,-0.437743,0.053352
4.323829,-0.492851,-0.440414,0.052438
4.333892,-0.494608,-0.441939,0.052668
4.343986,-0.496369,-0.444610,0.051760
4.354047,-0.498125,-0.446517,0.051608
4.364109,-0.499881,-0.448043,0.051838
4.374173,-0.501638,-0.450713,0.050924
4.384235,-0.503394,-0.452239,0.051155
4.394297,-0.505150,-0.454528,0.050622
4.404360,-0.506906,-0.456435,0.050471
4.414421,-0.508662,-0.459106,0.049557
4.424482,-0.510418,-0.460632,0.049787
4.434546,-0.512175,-0.462921,0.049254
4.444607,-0.513931,-0.464828,0.049103
4.454672,-0.515687,-0.467117,0.048571
4.464736,-0.517444,-0.468261,0.049183
4.474795,-0.519200,-0.470550,0.048650
4.484857,-0.520956,-0.472076,0.048880
4.494916,-0.522711,-0.473983,0.048728
4.504978,-0.524468,-0.475128,0.049340
4.515039,-0.526224,-0.477417,0.048807
4.525102,-0.527980,-0.478943,0.049037
4.535161,-0.529735,-0.480468,0.049267
4.545223,-0.531492,-0.481613,0.049879
4.555279,-0.533247,-0.483520,0.049727
4.565343,-0.535003,-0.484665,0.050339
4.575402,-0.536759,-0.485809,0.050950
4.585464,-0.538515,-0.486954,0.051562
4.595523,-0.540271,-0.488098,0.052173
4.605588,-0.542027,-0.490005,0.052022
4.615651,-0.543784,-0.490768,0.053015
4.625717,-0.545540,-0.492676,0.052865
4.635777,-0.547296,-0.493820,0.053476
4.645839,-0.549052,-0.495727,0.053325
4.655900,-0.550808,-0.496872,0.053937
4.665952,-0.552563,-0.499161,0.053402
4.676004,-0.554317,-0.500687,0.053631
4.686061,-0.556072,-0.502976,0.053097
4.696092,-0.557823,-0.504120,0.053703
4.706154,-0.559579,-0.506409,0.053171
4.716214,-0.561335,-0.507553,0.053782
4.726276,-0.563091,-0.510224,0.052868
4.736339,-0.564848,-0.512131,0.052717
4.746399,-0.566604,-0.514038,0.052565
4.756462,-0.568360,-0.515946,0.052414
4.766539,-0.570119,-0.518616,0.051503
4.776598,-0.571874,-0.519760,0.052114
4.786661,-0.573631,-0.521286,0.052344
4.796724,-0.575387,-0.523957,0.051430
4.806783,-0.577143,-0.525864,0.051279
4.816847,-0.578899,-0.528153,0.050746
4.826912,-0.580656,-0.530060,0.050595
4.836970,-0.582411,-0.532349,0.050062
4.847028,-0.584167,-0.533875,0.050291
4.857089,-0.585923,-0.536164,0.049759
4.867154,-0.587679,-0.538071,0.049608
4.877211,-0.589435,-0.539979,0.049456
4.887276,-0.591191,-0.541505,0.049687
4.897337,-0.592947,-0.544175,0.048772
4.907400,-0.594703,-0.545701,0.049003
4.917463,-0.596460,-0.547608,0.048852
4.927529,-0.598217,-0.549516,0.048701
4.937591,-0.599973,-0.551423,0.048550
4.947657,-0.601730,-0.552186,0.049544
4.957721,-0.603486,-0.554093,0.049393
4.967774,-0.605241,-0.555619,0.049622
4.977825,-0.606995,-0.557527,0.049468
4.987877,-0.608749,-0.558671,0.050078
4.997934,-0.610505,-0.560578,0.049926
5.007986,-0.609471,-0.562104,0.047367
5.018037,-0.607717,-0.563630,0.044087
5.028088,-0.605963,-0.565156,0.040807
5.038138,-0.604209,-0.566682,0.037527
5.048189,-0.602455,-0.568589,0.033865
5.058240,-0.600700,-0.568971,0.031730
5.068293,-0.598946,-0.569734,0.029212
5.078345,-0.597192,-0.570497,0.026695
5.088396,-0.595437,-0.570115,0.025322
5.098445,-0.593683,-0.570115,0.023568
5.108495,-0.591929,-0.570115,0.021814
5.118547,-0.590175,-0.570115,0.020060
5.128599,-0.588420,-0.570115,0.018305
5.138660,-0.586665,-0.570115,0.016549
5.148727,-0.584907,-0.570115,0.014792
5.158789,-0.583151,-0.570115,0.013036
5.168844,-0.581396,-0.570115,0.011281
5.178905,-0.579640,-0.570115,0.009525
5.188967,-0.577884,-0.570115,0.007769
5.199030,-0.576128,-0.570115,0.006013
5.209090,-0.574372,-0.570115,0.004257
5.219153,-0.572616,-0.570115,0.002501
5.229213,-0.570860,-0.570115,0.000745
5.239276,-0.569104,-0.570115,-0.001011
5.249339,-0.567347,-0.570115,-0.002768
5.259400,-0.565591,-0.570115,-0.004524
5.269463,-0.563835,-0.569734,-0.005899
5.279528,-0.562078,-0.569734,-0.007655
5.289589,-0.560322,-0.569734,-0.009411
5.299642,-0.558568,-0.569734,-0.011166
5.309694,-0.556813,-0.569734,-0.012920
5.319745,-0.555059,-0.569734,-0.014674
5.329796,-0.553305,-0.569734,-0.016429
5.339846,-0.551551,-0.569734,-0.018183
5.349898,-0.549797,-0.569734,-0.019937
5.359951,-0.548042,-0.569734,-0.021692
5.370003,-0.546288,-0.569734,-0.023446
5.380054,-0.544533,-0.569352,-0.024819
5.390104,-0.542779,-0.568208,-0.025429
5.400171,-0.541022,-0.567063,-0.026041
5.410221,-0.539268,-0.566300,-0.027032
5.420271,-0.537514,-0.565156,-0.027642
5.430320,-0.535760,-0.563249,-0.027488
5.440371,-0.534006,-0.561723,-0.027717
5.450424,-0.532251,-0.559434,-0.027182
5.460475,-0.530497,-0.557527,-0.027029
5.470527,-0.528743,-0.554475,-0.025732
5.480578,-0.526989,-0.553330,-0.026342
5.490629,-0.525234,-0.550660,-0.025426
5.500681,-0.523480,-0.548753,-0.025273
5.510732,-0.521726,-0.546464,-0.024738
5.520783,-0.519971,-0.544938,-0.024966
5.530832,-0.518218,-0.542267,-0.024050
5.540886,-0.516463,-0.540742,-0.024279
5.550940,-0.514708,-0.538834,-0.024126
5.560992,-0.512954,-0.536927,-0.023973
5.571047,-0.511199,-0.534638,-0.023439
5.581098,-0.509444,-0.533494,-0.024049
5.591150,-0.507690,-0.531205,-0.023515
5.601202,-0.505936,-0.529679,-0.023743
5.611253,-0.504182,-0.528534,-0.024353
5.621305,-0.502427,-0.526627,-0.024200
5.631356,-0.500673,-0.525101,-0.024428
5.641406,-0.498919,-0.522431,-0.023512
5.651469,-0.497162,-0.521286,-0.024124
5.661532,-0.495406,-0.519379,-0.023973
5.671594,-0.493650,-0.517472,-0.023822
5.681647,-0.491895,-0.515183,-0.023287
5.691699,-0.490141,-0.514038,-0.023897
5.701748,-0.488387,-0.512131,-0.023744
5.711800,-0.486633,-0.510224,-0.023591
5.721863,-0.484876,-0.508316,-0.023440
5.731923,-0.483121,-0.507172,-0.024051
5.741976,-0.481366,-0.505264,-0.023898
5.752040,-0.479609,-0.503357,-0.023748
5.762100,-0.477854,-0.501831,-0.023977
5.772164,-0.476097,-0.501068,-0.024971
5.782227,-0.474341,-0.498779,-0.024438
5.792291,-0.472584,-0.497253,-0.024669
5.802390,-0.470822,-0.495346,-0.024524
5.812440,-0.469068,-0.494202,-0.025134
5.822491,-0.467313,-0.492676,-0.025362
5.832543,-0.465559,-0.490387,-0.024828
5.842595,-0.463805,-0.488861,-0.025056
5.852648,-0.462050,-0.486954,-0.024903
5.862699,-0.460296,-0.485428,-0.025132
5.872753,-0.458541,-0.482757,-0.024216
5.882804,-0.456787,-0.481613,-0.024826
5.892856,-0.455032,-0.479706,-0.024673
5.902906,-0.453278,-0.477798,-0.024520
5.912957,-0.451524,-0.475509,-0.023985
5.923012,-0.449769,-0.474365,-0.024596
5.933064,-0.448015,-0.471695,-0.023680
5.943117,-0.446260,-0.470169,-0.023908
5.953168,-0.444506,-0.468261,-0.023755
5.963220,-0.442752,-0.466735,-0.023984
5.973272,-0.440997,-0.464065,-0.023068
5.983324,-0.439243,-0.462539,-0.023296
5.993373,-0.437489,-0.460250,-0.022761
6.003425,-0.435735,-0.458724,-0.022990
6.013477,-0.433980,-0.456054,-0.022074
6.023531,-0.432225,-0.454528,-0.022303
6.033583,-0.430471,-0.452239,-0.021768
6.043634,-0.428717,-0.450332,-0.021615
6.053686,-0.426962,-0.448425,-0.021462
6.063739,-0.425208,-0.446899,-0.021691
6.073790,-0.423454,-0.444991,-0.021538
6.083842,-0.421699,-0.442702,-0.021003
6.093903,-0.419943,-0.441558,-0.021615
6.103966,-0.418187,-0.439269,-0.021082
6.114027,-0.416431,-0.437743,-0.021312
6.124090,-0.414675,-0.435836,-0.021161
6.134153,-0.412918,-0.434691,-0.021773
6.144215,-0.411162,-0.432403,-0.021240
6.154277,-0.409406,-0.431258,-0.021852
6.164337,-0.407650,-0.429732,-0.022082
6.174400,-0.405894,-0.428588,-0.022694
6.184461,-0.404138,-0.426299,-0.022161
6.194523,-0.402382,-0.425154,-0.022773
6.204586,-0.400625,-0.423247,-0.022622
6.214645,-0.398870,-0.422103,-0.023233
6.224707,-0.397113,-0.420195,-0.023082
6.234771,-0.395357,-0.418669,-0.023312
6.244832,-0.393601,-0.416762,-0.023161
6.254895,-0.391845,-0.415236,-0.023391
6.264947,-0.390090,-0.412947,-0.022857
6.275008,-0.388334,-0.411421,-0.023087
6.285173,-0.386560,-0.409133,-0.022572
6.295237,-0.384804,-0.407988,-0.023184
6.305298,-0.383048,-0.406081,-0.023033
6.315359,-0.381292,-0.403792,-0.022500
6.325418,-0.379536,-0.402647,-0.023111
6.335480,-0.377780,-0.400740,-0.022960
6.345539,-0.376024,-0.398833,-0.022808
6.355603,-0.374268,-0.396925,-0.022657
6.365662,-0.372512,-0.396162,-0.023650
6.375725,-0.370756,-0.393492,-0.022736
6.385784,-0.369000,-0.391585,-0.022584
6.395845,-0.367244,-0.390059,-0.022814
6.405902,-0.365489,-0.388914,-0.023425
6.415961,-0.363733,-0.386244,-0.022511
6.426022,-0.361977,-0.384718,-0.022741
6.436081,-0.360222,-0.383192,-0.022970
6.446139,-0.358466,-0.381666,-0.023200
6.456200,-0.356710,-0.378996,-0.022285
6.466259,-0.354955,-0.377470,-0.022515
6.476322,-0.353198,-0.375563,-0.022364
6.486381,-0.351443,-0.374037,-0.022594
6.496432,-0.349689,-0.371366,-0.021678
6.506491,-0.347933,-0.370222,-0.022289
6.516554,-0.346177,-0.369078,-0.022901
6.526614,-0.344421,-0.366407,-0.021987
6.536675,-0.342665,-0.364881,-0.022217
6.546735,-0.340909,-0.363355,-0.022446
6.556796,-0.339153,-0.361830,-0.022677
6.566856,-0.337397,-0.359541,-0.022143
6.576917,-0.335641,-0.358015,-0.022373
6.586976,-0.333886,-0.356870,-0.022985
6.597040,-0.332129,-0.355726,-0.023597
6.607100,-0.330373,-0.353819,-0.023445
6.617162,-0.328617,-0.352674,-0.024057
6.627221,-0.326862,-0.351148,-0.024287
6.637282,-0.325106,-0.350004,-0.024898
6.647343,-0.323350,-0.348096,-0.024747
6.657404,-0.321594,-0.346571,-0.024977
6.667468,-0.319837,-0.344663,-0.024826
6.677529,-0.318081,-0.343137,-0.025056
6.687581,-0.316327,-0.340467,-0.024140
6.697635,-0.314572,-0.338941,-0.024369
6.707684,-0.312818,-0.337034,-0.024216
6.717735,-0.311064,-0.335126,-0.024062
6.727832,-0.309302,-0.332456,-0.023154
6.737882,-0.307548,-0.330930,-0.023383
6.747934,-0.305793,-0.329786,-0.023992
6.757985,-0.304039,-0.327115,-0.023076
6.768037,-0.302285,-0.325589,-0.023305
6.778088,-0.300530,-0.323682,-0.023152
6.788139,-0.298776,-0.322156,-0.023380
6.798188,-0.297022,-0.319867,-0.022845
6.808239,-0.295268,-0.318341,-0.023073
6.818290,-0.293514,-0.316815,-0.023302
6.828339,-0.291760,-0.314908,-0.023148
6.838389,-0.290006,-0.312619,-0.022613
6.848438,-0.288252,-0.311093,-0.022841
6.858488,-0.286498,-0.308804,-0.022307
6.868537,-0.284744,-0.306897,-0.022153
6.878587,-0.282990,-0.304990,-0.022000
6.888638,-0.281236,-0.303464,-0.022228
6.898687,-0.279482,-0.300793,-0.021312
6.908737,-0.277728,-0.298886,-0.021158
6.918786,-0.275974,-0.296597,-0.020623
6.928846,-0.274218,-0.295071,-0.020853
6.938900,-0.272463,-0.292401,-0.019938
6.948959,-0.270708,-0.291257,-0.020549
6.959016,-0.268952,-0.288968,-0.020015
6.969078,-0.267196,-0.287442,-0.020246
6.979219,-0.265426,-0.285534,-0.020108
6.989282,-0.263670,-0.284390,-0.020720
6.999341,-0.261914,-0.283246,-0.021331
7.009402,-0.263440,-0.280957,-0.017516
7.019463,-0.265196,-0.280194,-0.014998
7.029524,-0.266952,-0.278668,-0.011716
7.039583,-0.268708,-0.277905,-0.009197
7.049640,-0.270463,-0.276379,-0.005916
7.059701,-0.272219,-0.275616,-0.003397
7.069761,-0.273975,-0.275235,-0.001260
7.079823,-0.275731,-0.274853,0.000878
7.089884,-0.277487,-0.274853,0.002634
7.099946,-0.279243,-0.274853,0.004390
7.110005,-0.280999,-0.274853,0.006146
7.120066,-0.282755,-0.274853,0.007902
7.130126,-0.284511,-0.274853,0.009658
7.140179,-0.286265,-0.274853,0.011412
7.150241,-0.288021,-0.275235,0.012787
7.160302,-0.289777,-0.275235,0.014543
7.170364,-0.291534,-0.275235,0.016299
7.180417,-0.293288,-0.275235,0.018053
7.190467,-0.295042,-0.275235,0.019808
7.200516,-0.296796,-0.275235,0.021562
7.210566,-0.298550,-0.275235,0.023316
7.220616,-0.300304,-0.275235,0.025070
7.230665,-0.302058,-0.275235,0.026823
7.240716,-0.303812,-0.275235,0.028578
7.250778,-0.305568,-0.275235,0.030334
7.260839,-0.307324,-0.275235,0.032090
7.270891,-0.309079,-0.275235,0.033844
7.280941,-0.310833,-0.275235,0.035598
7.291001,-0.312589,-0.275235,0.037354
7.301061,-0.314344,-0.275235,0.039110
7.311122,-0.316100,-0.275235,0.040866
7.321184,-0.317857,-0.275616,0.042240
7.331238,-0.319611,-0.275998,0.043614
7.341290,-0.321366,-0.275998,0.045368
7.351344,-0.323120,-0.275998,0.047123
7.361396,-0.324875,-0.275998,0.048877
7.371447,-0.326629,-0.275998,0.050632
7.381506,-0.328385,-0.275998,0.052387
7.391567,-0.330141,-0.275998,0.054143
7.401628,-0.331897,-0.275998,0.055899
7.411688,-0.333653,-0.275998,0.057655
7.421752,-0.335409,-0.275998,0.059412
7.431814,-0.337165,-0.275998,0.061168
7.441921,-0.338929,-0.276379,0.062550
7.451987,-0.340686,-0.276379,0.064307
7.462048,-0.342442,-0.277142,0.065300
7.472108,-0.344198,-0.278286,0.065911
7.482168,-0.345954,-0.279812,0.066141
7.492229,-0.347710,-0.282483,0.065227
7.502290,-0.349466,-0.284390,0.065076
7.512350,-0.351221,-0.287442,0.063780
7.522411,-0.352977,-0.289731,0.063247
7.532471,-0.354733,-0.292782,0.061951
7.542530,-0.356489,-0.295071,0.061417
7.552588,-0.358244,-0.298886,0.059358
7.562649,-0.360000,-0.301175,0.058825
7.572710,-0.361756,-0.304608,0.057148
7.582770,-0.363512,-0.306897,0.056615
7.592828,-0.365267,-0.309949,0.055319
7.602881,-0.367022,-0.311856,0.055166
7.612940,-0.368778,-0.314908,0.053869
7.623000,-0.370533,-0.316815,0.053718
7.633059,-0.372289,-0.319867,0.052422
7.643120,-0.374045,-0.321393,0.052652
7.653220,-0.375808,-0.323682,0.052126
7.663284,-0.377564,-0.324826,0.052738
7.673345,-0.379320,-0.326352,0.052968
7.683405,-0.381076,-0.328641,0.052435
7.693456,-0.382830,-0.329786,0.053045
7.703505,-0.384584,-0.331693,0.052891
7.713556,-0.386338,-0.333219,0.053119
7.723615,-0.388094,-0.335126,0.052968
7.733676,-0.389850,-0.335889,0.053961
7.743735,-0.391606,-0.337797,0.053809
7.753800,-0.393362,-0.338941,0.054421
7.763861,-0.395118,-0.340467,0.054651
7.773920,-0.396874,-0.341611,0.055263
7.783972,-0.398628,-0.343519,0.055110
7.794022,-0.400382,-0.344282,0.056101
7.804071,-0.402136,-0.346189,0.055947
7.814121,-0.403890,-0.347333,0.056557
7.824170,-0.405644,-0.349622,0.056022
7.834220,-0.407398,-0.350767,0.056631
7.844269,-0.409152,-0.353056,0.056097
7.854321,-0.410907,-0.354582,0.056325
7.864373,-0.412661,-0.356107,0.056553
7.874422,-0.414415,-0.357633,0.056782
7.884471,-0.416169,-0.359159,0.057010
7.894520,-0.417923,-0.361448,0.056474
7.904569,-0.419676,-0.362974,0.056703
7.914618,-0.421430,-0.365644,0.055786
7.924673,-0.423185,-0.367552,0.055634
7.934724,-0.424940,-0.369459,0.055480
7.944776,-0.426694,-0.370985,0.055709
7.954828,-0.428448,-0.374037,0.054412
7.964891,-0.430205,-0.375563,0.054642
7.974950,-0.431960,-0.377852,0.054109
7.985014,-0.433717,-0.379759,0.053958
7.995074,-0.435472,-0.382811,0.052662
8.005135,-0.437229,-0.384337,0.052892
8.015199,-0.438985,-0.387007,0.051978
8.025261,-0.440741,-0.388533,0.052208
8.035316,-0.442496,-0.390440,0.052056
8.045378,-0.444252,-0.392348,0.051905
8.055439,-0.446008,-0.394636,0.051372
8.065501,-0.447764,-0.396162,0.051602
8.075567,-0.449521,-0.397688,0.051833
8.085629,-0.451277,-0.399977,0.051300
8.095689,-0.453033,-0.401122,0.051912
8.105747,-0.454789,-0.403029,0.051760
8.115809,-0.456545,-0.404173,0.052371
8.125872,-0.458301,-0.406081,0.052220
8.135933,-0.460057,-0.407225,0.052832
8.145984,-0.461811,-0.408751,0.053060
8.156039,-0.463566,-0.409895,0.053671
8.166103,-0.465323,-0.411803,0.053520
8.176166,-0.467079,-0.412947,0.054132
8.186227,-0.468835,-0.414473,0.054362
8.196291,-0.470592,-0.415999,0.054593
8.206354,-0.472348,-0.417906,0.054441
8.216417,-0.474104,-0.419051,0.055053
8.226479,-0.475860,-0.420958,0.054902
8.236540,-0.477616,-0.422484,0.055132
8.246602,-0.479372,-0.424392,0.054981
8.256663,-0.481129,-0.425917,0.055211
8.266715,-0.482883,-0.427825,0.055058
8.276778,-0.484639,-0.429732,0.054907
8.286841,-0.486396,-0.431640,0.054756
8.296903,-0.488152,-0.433928,0.054223
8.306966,-0.489908,-0.435454,0.054454
8.317027,-0.491664,-0.438506,0.053158
8.327090,-0.493420,-0.440032,0.053388
8.337154,-0.495177,-0.442321,0.052856
8.347214,-0.496933,-0.444228,0.052704
8.357277,-0.498689,-0.447280,0.051409
8.367337,-0.500445,-0.448806,0.051639
8.377395,-0.502200,-0.451476,0.050724
8.387457,-0.503956,-0.453002,0.050954
8.397521,-0.505713,-0.455673,0.050040
8.407584,-0.507469,-0.457198,0.050271
8.417643,-0.509225,-0.459869,0.049356
8.427706,-0.510981,-0.461395,0.049586
8.437767,-0.512737,-0.464065,0.048672
8.447829,-0.514493,-0.465591,0.048902
8.457889,-0.516249,-0.467880,0.048369
8.467950,-0.518005,-0.469024,0.048981
8.478005,-0.519760,-0.471313,0.048447
8.488064,-0.521516,-0.472839,0.048677
8.498085,-0.523264,-0.473602,0.049663
8.508145,-0.525020,-0.475509,0.049511
8.518204,-0.526776,-0.477417,0.049359
8.528265,-0.528532,-0.479324,0.049208
8.538328,-0.530288,-0.480087,0.050201
8.548388,-0.532044,-0.481994,0.050050
8.558452,-0.533801,-0.483520,0.050280
8.568516,-0.535557,-0.485046,0.050511
8.578577,-0.537313,-0.485809,0.051504
8.588640,-0.539069,-0.487716,0.051353
8.598703,-0.540826,-0.488861,0.051965
8.608754,-0.542580,-0.490387,0.052193
8.618806,-0.544334,-0.491531,0.052803
8.628862,-0.546089,-0.493057,0.053032
8.638913,-0.547844,-0.494583,0.053261
8.648970,-0.549599,-0.496490,0.053109
8.659031,-0.551355,-0.497635,0.053720
8.669090,-0.553111,-0.499924,0.053187
8.679151,-0.554866,-0.501450,0.053417
8.689208,-0.556622,-0.503357,0.053265
8.699269,-0.558378,-0.504883,0.053495
8.709429,-0.560151,-0.506790,0.053361
8.719489,-0.561907,-0.508316,0.053591
8.729539,-0.563661,-0.510224,0.053437
8.739590,-0.565415,-0.512512,0.052903
8.749646,-0.567170,-0.514038,0.053132
8.759698,-0.568925,-0.516709,0.052216
8.769750,-0.570679,-0.518616,0.052063
8.779812,-0.572435,-0.520523,0.051912
8.789872,-0.574191,-0.522049,0.052142
8.799933,-0.575947,-0.525101,0.050846
8.809991,-0.577702,-0.526246,0.051457
8.820052,-0.579458,-0.528916,0.050543
8.830116,-0.581215,-0.530823,0.050392
8.840176,-0.582971,-0.532731,0.050240
8.850240,-0.584727,-0.534257,0.050471
8.860299,-0.586483,-0.536927,0.049556
8.870361,-0.588239,-0.538453,0.049786
8.880424,-0.589995,-0.540742,0.049254
8.890486,-0.591751,-0.542267,0.049484
8.900549,-0.593508,-0.544938,0.048570
8.910611,-0.595264,-0.546082,0.049182
8.920663,-0.597018,-0.548371,0.048647
8.930723,-0.598774,-0.549897,0.048877
8.940784,-0.600530,-0.551423,0.049107
8.950845,-0.602286,-0.552567,0.049719
8.960906,-0.604042,-0.554093,0.049949
8.970969,-0.605798,-0.556382,0.049416
8.981031,-0.607554,-0.557527,0.050028
8.991091,-0.609310,-0.559052,0.050258
9.001153,-0.610664,-0.560578,0.050086
9.011208,-0.608909,-0.562867,0.046042
9.021269,-0.607153,-0.564393,0.042760
9.031330,-0.605397,-0.565919,0.039478
9.041395,-0.603640,-0.567445,0.036196
9.051456,-0.601885,-0.568971,0.032914
9.061509,-0.600130,-0.569352,0.030778
9.071558,-0.598376,-0.570497,0.027879
9.081610,-0.596622,-0.570497,0.026125
9.091659,-0.594868,-0.570497,0.024371
9.101720,-0.593112,-0.570497,0.022615
9.111779,-0.591356,-0.570497,0.020859
9.121842,-0.589600,-0.570497,0.019103
9.131897,-0.587845,-0.570497,0.017348
9.141957,-0.586089,-0.570497,0.015592
9.152075,-0.584323,-0.570497,0.013826
9.162135,-0.582567,-0.570497,0.012071
9.172188,-0.580813,-0.570115,0.010698
9.182241,-0.579058,-0.570115,0.008943
9.192291,-0.577304,-0.570115,0.007189
9.202341,-0.575550,-0.570115,0.005435
9.212392,-0.573796,-0.570115,0.003681
9.222443,-0.572042,-0.570115,0.001926
9.232496,-0.570287,-0.570115,0.000172
9.242548,-0.568533,-0.570115,-0.001583
9.252608,-0.566777,-0.570115,-0.003338
9.262670,-0.565021,-0.570115,-0.005095
9.272732,-0.563265,-0.569734,-0.006469
9.282795,-0.561508,-0.569734,-0.008226
9.292854,-0.559753,-0.569734,-0.009981
9.302915,-0.557997,-0.569734,-0.011737
9.312979,-0.556240,-0.569734,-0.013494
9.323039,-0.554484,-0.569734,-0.015250
9.333101,-0.552728,-0.569734,-0.017006
9.343166,-0.550971,-0.569734,-0.018762
9.353230,-0.549215,-0.569734,-0.020519
9.363284,-0.547460,-0.569734,-0.022274
9.373346,-0.545704,-0.569734,-0.024030
9.383512,-0.543930,-0.569352,-0.025422
9.393572,-0.542174,-0.568208,-0.026034
9.403635,-0.540418,-0.567445,-0.027027
9.413695,-0.538662,-0.566300,-0.027639
9.423757,-0.536906,-0.565156,-0.028250
9.433820,-0.535149,-0.562486,-0.027336
9.443880,-0.533394,-0.560960,-0.027566
9.453947,-0.531637,-0.558671,-0.027034
9.464010,-0.529880,-0.556764,-0.026883
9.474074,-0.528124,-0.553712,-0.025588
9.484134,-0.526368,-0.552186,-0.025818
9.494198,-0.524611,-0.549134,-0.024523
9.504261,-0.522855,-0.547608,-0.024753
9.514320,-0.521100,-0.544938,-0.023838
9.524384,-0.519343,-0.543412,-0.024069
9.534444,-0.517587,-0.540742,-0.023154
9.544505,-0.515831,-0.539597,-0.023766
9.554566,-0.514075,-0.536927,-0.022852
9.564629,-0.512319,-0.535401,-0.023082
9.574692,-0.510563,-0.533494,-0.022931
9.584752,-0.508807,-0.531968,-0.023161
9.594821,-0.507049,-0.530060,-0.023011
9.604881,-0.505294,-0.528534,-0.023241
9.614941,-0.503538,-0.527390,-0.023852
9.625003,-0.501782,-0.525483,-0.023701
9.635067,-0.500025,-0.523957,-0.023931
9.645120,-0.498271,-0.521668,-0.023397
9.655186,-0.496514,-0.520523,-0.024010
9.665248,-0.494758,-0.518235,-0.023477
9.675309,-0.493002,-0.516327,-0.023326
9.685370,-0.491246,-0.514801,-0.023556
9.695432,-0.489489,-0.513657,-0.024167
9.705490,-0.487734,-0.511368,-0.023634
9.715553,-0.485978,-0.509461,-0.023483
9.725614,-0.484222,-0.508316,-0.024094
9.735677,-0.482465,-0.507172,-0.024706
9.745730,-0.480711,-0.504501,-0.023791
9.755795,-0.478954,-0.503357,-0.024403
9.765854,-0.477198,-0.501831,-0.024633
9.775916,-0.475442,-0.500687,-0.025244
9.785977,-0.473686,-0.498398,-0.024711
9.796027,-0.471932,-0.496872,-0.024940
9.806078,-0.470178,-0.494965,-0.024786
9.816140,-0.468422,-0.493820,-0.025398
9.826300,-0.466649,-0.491150,-0.024501
9.836364,-0.464892,-0.489624,-0.024732
9.846424,-0.463136,-0.488479,-0.025343
9.856486,-0.461380,-0.486572,-0.025192
9.866546,-0.459624,-0.484665,-0.025040
9.876608,-0.457868,-0.481994,-0.024126
9.886668,-0.456113,-0.481231,-0.025119
9.896727,-0.454357,-0.478561,-0.024204
9.906788,-0.452601,-0.476654,-0.024053
9.916849,-0.450845,-0.474746,-0.023901
9.926909,-0.449089,-0.473602,-0.024513
9.936973,-0.447333,-0.470932,-0.023599
9.947037,-0.445576,-0.469406,-0.023830
9.957094,-0.443821,-0.467498,-0.023677
9.967158,-0.442064,-0.465591,-0.023527
9.977220,-0.440308,-0.463302,-0.022994
9.987281,-0.438552,-0.461776,-0.023224
9.997345,-0.436796,-0.459487,-0.022692
10.007407,-0.435040,-0.457580,-0.022540
10.017469,-0.433283,-0.455291,-0.022008
10.027533,-0.431527,-0.453765,-0.022238
10.037587,-0.429772,-0.451095,-0.021323
10.047648,-0.428016,-0.449569,-0.021553
10.057713,-0.426259,-0.448425,-0.022165
10.067772,-0.424504,-0.446136,-0.021632
10.077832,-0.422748,-0.444228,-0.021480
10.087897,-0.420991,-0.441939,-0.020948
10.097957,-0.419236,-0.440795,-0.021559
10.108020,-0.417479,-0.438125,-0.020645
10.118079,-0.415724,-0.436599,-0.020875
10.128141,-0.413968,-0.435073,-0.021105
10.138203,-0.412211,-0.433928,-0.021717
10.148266,-0.410455,-0.431640,-0.021184
10.158328,-0.408699,-0.430495,-0.021796
10.168390,-0.406943,-0.428969,-0.022027
10.178452,-0.405187,-0.427443,-0.022257
10.188510,-0.403431,-0.425536,-0.022105
10.198572,-0.401675,-0.424392,-0.022717
10.208633,-0.399919,-0.422866,-0.022947
10.218693,-0.398163,-0.421340,-0.023177
10.228753,-0.396407,-0.419432,-0.023025
10.238814,-0.394651,-0.417906,-0.023255
10.248893,-0.392892,-0.415999,-0.023107
10.258957,-0.391136,-0.414473,-0.023337
10.269016,-0.389380,-0.412947,-0.023567
10.279077,-0.387624,-0.410658,-0.023034
10.289138,-0.385868,-0.409514,-0.023646
10.299199,-0.384112,-0.407225,-0.023113
10.309261,-0.382356,-0.405318,-0.022962
10.319321,-0.380600,-0.403410,-0.022810
10.329381,-0.378844,-0.402266,-0.023422
10.339444,-0.377088,-0.399977,-0.022889
10.349508,-0.375332,-0.398451,-0.023120
10.359569,-0.373576,-0.396544,-0.022968
10.369631,-0.371819,-0.395399,-0.023580
10.379695,-0.370063,-0.392729,-0.022666
10.389756,-0.368307,-0.391203,-0.022896
10.399817,-0.366551,-0.389677,-0.023126
10.409877,-0.364795,-0.388151,-0.023356
10.419935,-0.363040,-0.385481,-0.022441
10.429997,-0.361284,-0.384337,-0.023053
10.440060,-0.359527,-0.382429,-0.022902
10.450113,-0.357773,-0.380903,-0.023131
10.460278,-0.355999,-0.378233,-0.022234
10.470340,-0.354243,-0.377089,-0.022846
10.480425,-0.352482,-0.374800,-0.022317
10.490485,-0.350727,-0.372892,-0.022166
10.500547,-0.348970,-0.371366,-0.022396
10.510608,-0.347214,-0.369841,-0.022626
10.520669,-0.345458,-0.368315,-0.022856
10.530723,-0.343704,-0.365644,-0.021941
10.540781,-0.341948,-0.364118,-0.022170
10.550841,-0.340192,-0.362974,-0.022782
10.560901,-0.338437,-0.361067,-0.022630
10.570963,-0.336680,-0.358778,-0.022097
10.581016,-0.334926,-0.357633,-0.022707
10.591077,-0.333170,-0.356489,-0.023319
10.601138,-0.331414,-0.355344,-0.023930
10.611199,-0.329658,-0.353056,-0.023398
10.621252,-0.327903,-0.352293,-0.024389
10.631305,-0.326149,-0.350767,-0.024618
10.641354,-0.324395,-0.349622,-0.025227
10.651408,-0.322640,-0.347333,-0.024693
10.661460,-0.320886,-0.346189,-0.025303
10.671511,-0.319132,-0.343900,-0.024769
10.681562,-0.317377,-0.342374,-0.024997
10.691614,-0.315623,-0.339704,-0.024081
10.701663,-0.313869,-0.338178,-0.024309
10.711713,-0.312115,-0.335889,-0.023774
10.721763,-0.310361,-0.333982,-0.023621
10.731814,-0.308607,-0.332456,-0.023849
10.741865,-0.306852,-0.330549,-0.023696
10.751916,-0.305098,-0.329023,-0.023924
10.761967,-0.303344,-0.325971,-0.022627
10.772016,-0.301590,-0.324826,-0.023236
10.782068,-0.299836,-0.322919,-0.023083
10.792117,-0.298082,-0.321012,-0.022930
10.802167,-0.296328,-0.318723,-0.022395
10.812218,-0.294573,-0.317578,-0.023005
10.822267,-0.292820,-0.315290,-0.022470
10.832319,-0.291065,-0.313764,-0.022698
10.842370,-0.289311,-0.311475,-0.022164
10.852424,-0.287556,-0.310330,-0.022774
10.862476,-0.285802,-0.307279,-0.021477
10.872524,-0.284048,-0.305753,-0.021705
10.882575,-0.282294,-0.303845,-0.021551
10.892626,-0.280540,-0.302319,-0.021780
10.902677,-0.278785,-0.299649,-0.020864
10.912729,-0.277031,-0.298123,-0.021092
10.922786,-0.275276,-0.296597,-0.021321
10.932836,-0.273522,-0.293927,-0.020405
10.942886,-0.271768,-0.292401,-0.020633
10.952937,-0.270014,-0.290494,-0.020480
10.962988,-0.268259,-0.288968,-0.020708
10.973037,-0.266505,-0.286297,-0.019792
10.983089,-0.264751,-0.285534,-0.020784
10.993140,-0.262997,-0.283627,-0.020630
11.003192,-0.262356,-0.282483,-0.020126
11.013241,-0.264110,-0.280575,-0.016465
11.023291,-0.265864,-0.279431,-0.013566
11.033341,-0.267618,-0.278286,-0.010668
11.043390,-0.269372,-0.277142,-0.007770
11.053440,-0.271126,-0.275998,-0.004871
11.063489,-0.272880,-0.275235,-0.002354
11.073539,-0.274634,-0.274853,-0.000219
11.083590,-0.276389,-0.274853,0.001535
11.093641,-0.278143,-0.274853,0.003290
11.103690,-0.279897,-0.274853,0.005044
11.113741,-0.281651,-0.274853,0.006798
11.123793,-0.283405,-0.274853,0.008552
11.133842,-0.285159,-0.274853,0.010306
11.143891,-0.286913,-0.275235,0.011678
11.153952,-0.288669,-0.275235,0.013434
11.164019,-0.290426,-0.274853,0.015573
11.174082,-0.292183,-0.275235,0.016948
11.184144,-0.293939,-0.275235,0.018704
11.194206,-0.295695,-0.275235,0.020460
11.204268,-0.297451,-0.275235,0.022216
11.214332,-0.299207,-0.275235,0.023973
11.224391,-0.300963,-0.275235,0.025728
11.234453,-0.302719,-0.275235,0.027485
11.244515,-0.304475,-0.275235,0.029241
11.254567,-0.306230,-0.275235,0.030995
11.264620,-0.307984,-0.275235,0.032750
11.274669,-0.309738,-0.275235,0.034504
11.284722,-0.311493,-0.275235,0.036258
11.294774,-0.313247,-0.275235,0.038012
11.304871,-0.315009,-0.275235,0.039775
11.314920,-0.316763,-0.275616,0.041147
11.324970,-0.318517,-0.275616,0.042901
11.335021,-0.320272,-0.275998,0.044274
11.345072,-0.322026,-0.275998,0.046028
11.355123,-0.323780,-0.275998,0.047783
11.365175,-0.325534,-0.275998,0.049537
11.375224,-0.327288,-0.275998,0.051291
11.385273,-0.329042,-0.275998,0.053045
11.395322,-0.330796,-0.275998,0.054799
11.405376,-0.332551,-0.275998,0.056553
11.415427,-0.334305,-0.275998,0.058308
11.425477,-0.336059,-0.275998,0.060062
11.435527,-0.337813,-0.276379,0.061434
11.445578,-0.339567,-0.276379,0.063188
11.455630,-0.341322,-0.276761,0.064561
11.465680,-0.343076,-0.277523,0.065552
11.475729,-0.344830,-0.279431,0.065399
11.485779,-0.346584,-0.280957,0.065627
11.495838,-0.348340,-0.283627,0.064712
11.505888,-0.350093,-0.285534,0.064559
11.515938,-0.351847,-0.287823,0.064024
11.525987,-0.353602,-0.290875,0.062726
11.536038,-0.355356,-0.292782,0.062573
11.546089,-0.357110,-0.296597,0.060513
11.556139,-0.358864,-0.298886,0.059978
11.566190,-0.360618,-0.302701,0.057917
11.576239,-0.362372,-0.304990,0.057382
11.586291,-0.364126,-0.308042,0.056085
11.596343,-0.365881,-0.310330,0.055551
11.606392,-0.367635,-0.313001,0.054634
11.616443,-0.369389,-0.315290,0.054100
11.626496,-0.371144,-0.318341,0.052802
11.636549,-0.372898,-0.320249,0.052649
11.646599,-0.374652,-0.322919,0.051733
11.656652,-0.376407,-0.324063,0.052343
11.666713,-0.378163,-0.326352,0.051810
11.676773,-0.379919,-0.327878,0.052040
11.686868,-0.381680,-0.329404,0.052276
11.696926,-0.383436,-0.330549,0.052887
11.706987,-0.385192,-0.332074,0.053117
11.717051,-0.386948,-0.334363,0.052585
11.727113,-0.388705,-0.335508,0.053197
11.737175,-0.390461,-0.337034,0.053427
11.747239,-0.392217,-0.338178,0.054039
11.757302,-0.393974,-0.339704,0.054270
11.767355,-0.395728,-0.340848,0.054880
11.777408,-0.397483,-0.342374,0.055108
11.787460,-0.399237,-0.343900,0.055337
11.797510,-0.400991,-0.345426,0.055565
11.807560,-0.402745,-0.346571,0.056175
11.817611,-0.404499,-0.348859,0.055640
11.827663,-0.406254,-0.350004,0.056250
11.837713,-0.408008,-0.351911,0.056097
11.847765,-0.409762,-0.353437,0.056325
11.857816,-0.411516,-0.355344,0.056172
11.867869,-0.413271,-0.356870,0.056401
11.877919,-0.415025,-0.358778,0.056247
11.887972,-0.416780,-0.360685,0.056095
11.898024,-0.418534,-0.362593,0.055942
11.908072,-0.420288,-0.364118,0.056170
11.918166,-0.422050,-0.367170,0.054879
11.928221,-0.423804,-0.368696,0.055108
11.938274,-0.425559,-0.369841,0.055719
11.948329,-0.427314,-0.372511,0.054803
11.958382,-0.429069,-0.374418,0.054650
11.968433,-0.430823,-0.376326,0.054497
11.978486,-0.432577,-0.378233,0.054344
11.988537,-0.434332,-0.381285,0.053047
11.998586,-0.436086,-0.382811,0.053275
12.008638,-0.437840,-0.385481,0.052359
12.018689,-0.439594,-0.387007,0.052587
12.028741,-0.441349,-0.389296,0.052053
12.038790,-0.443103,-0.390822,0.052281
12.048842,-0.444857,-0.393492,0.051365
12.058891,-0.446611,-0.395018,0.051593
12.068945,-0.448366,-0.396925,0.051440
12.078997,-0.450120,-0.398833,0.051287
12.089046,-0.451874,-0.400740,0.051134
12.099096,-0.453628,-0.401884,0.051743
12.109159,-0.455384,-0.403792,0.051592
12.119211,-0.457139,-0.404936,0.052202
12.129260,-0.458892,-0.406081,0.052812
12.139310,-0.460647,-0.407607,0.053040
12.149362,-0.462401,-0.408751,0.053650
12.159412,-0.464155,-0.410658,0.053497
12.169465,-0.465909,-0.412184,0.053725
12.179516,-0.467664,-0.413710,0.053954
12.189566,-0.469418,-0.414855,0.054563
12.199617,-0.471172,-0.416762,0.054410
12.209666,-0.472926,-0.418288,0.054638
12.219717,-0.474680,-0.420195,0.054485
12.229770,-0.476435,-0.421340,0.055095
12.239821,-0.478189,-0.423629,0.054560
12.249873,-0.479943,-0.424773,0.055170
12.259926,-0.481698,-0.426680,0.055018
12.269978,-0.483452,-0.428588,0.054865
12.280029,-0.485207,-0.430877,0.054330
12.290081,-0.486961,-0.432784,0.054177
12.300142,-0.488717,-0.435073,0.053644
12.310194,-0.490471,-0.436980,0.053491
12.320244,-0.492225,-0.438888,0.053338
12.330295,-0.493980,-0.441176,0.052803
12.340347,-0.495734,-0.442702,0.053032
12.350399,-0.497488,-0.445754,0.051734
12.360451,-0.499243,-0.447662,0.051581
12.370502,-0.500997,-0.450332,0.050665
12.380554,-0.502752,-0.452239,0.050512
12.390603,-0.504505,-0.454528,0.049977
12.400655,-0.506260,-0.456054,0.050206
12.410705,-0.508014,-0.458724,0.049289
12.420758,-0.509768,-0.460250,0.049518
12.430810,-0.511523,-0.462921,0.048602
12.440863,-0.513277,-0.464828,0.048449
12.450914,-0.515032,-0.467117,0.047915
12.460967,-0.516786,-0.468261,0.048525
12.471016,-0.518540,-0.470550,0.047990
12.481066,-0.520294,-0.472076,0.048218
12.491140,-0.522052,-0.473602,0.048451
12.501193,-0.523807,-0.475128,0.048679
12.511242,-0.525561,-0.476272,0.049289
12.521292,-0.527315,-0.478561,0.048754
12.531343,-0.529069,-0.479706,0.049364
12.541394,-0.530823,-0.481231,0.049592
12.551443,-0.532577,-0.482757,0.049820
12.561494,-0.534331,-0.484665,0.049667
12.571544,-0.536086,-0.485428,0.050658
12.581595,-0.537840,-0.486954,0.050886
12.591644,-0.539594,-0.488098,0.051496
12.601694,-0.541348,-0.490005,0.051342
12.611744,-0.543102,-0.490768,0.052334
12.621796,-0.544856,-0.492676,0.052180
12.631848,-0.546611,-0.493820,0.052791
12.641896,-0.548364,-0.495727,0.052637
12.651949,-0.550119,-0.496872,0.053247
12.662001,-0.551873,-0.499161,0.052712
12.672051,-0.553627,-0.500305,0.053322
12.682139,-0.555388,-0.502594,0.052794
12.692188,-0.557142,-0.503738,0.053403
12.702238,-0.558896,-0.505264,0.053632
12.712288,-0.560650,-0.507172,0.053478
12.722340,-0.562404,-0.509079,0.053325
12.732392,-0.564159,-0.511749,0.052409
12.742442,-0.565913,-0.512894,0.053019
12.752494,-0.567667,-0.515564,0.052103
12.762546,-0.569422,-0.517472,0.051950
12.772595,-0.571176,-0.519379,0.051797
12.782647,-0.572930,-0.520905,0.052025
12.792697,-0.574684,-0.523575,0.051109
12.802748,-0.576438,-0.525483,0.050956
12.812797,-0.578192,-0.527390,0.050802
12.822846,-0.579946,-0.529297,0.050649
12.832896,-0.581700,-0.531968,0.049732
12.842947,-0.583454,-0.533112,0.050342
12.853000,-0.585209,-0.535782,0.049427
12.863052,-0.586963,-0.537308,0.049655
12.873152,-0.588726,-0.539597,0.049129
12.883204,-0.590480,-0.541123,0.049357
12.893253,-0.592234,-0.542649,0.049585
12.903304,-0.593989,-0.545319,0.048669
12.913354,-0.595743,-0.546464,0.049279
12.923406,-0.597497,-0.548753,0.048744
12.933459,-0.599252,-0.550278,0.048973
12.943521,-0.601008,-0.552186,0.048822
12.953586,-0.602764,-0.553330,0.049434
12.963647,-0.604520,-0.555619,0.048901
12.973710,-0.606277,-0.557145,0.049132
12.983773,-0.608033,-0.558671,0.049362
12.993833,-0.609789,-0.559815,0.049974
13.003895,-0.610865,-0.562486,0.048380
13.013957,-0.610865,-0.563630,0.047235
13.024010,-0.610865,-0.565156,0.045709
13.034072,-0.610865,-0.566682,0.044183
13.044132,-0.610865,-0.568971,0.041894
13.054198,-0.610865,-0.569734,0.041132
13.064262,-0.610865,-0.570878,0.039987
13.074321,-0.610865,-0.572023,0.038843
13.084378,-0.610865,-0.573167,0.037698
13.094439,-0.610865,-0.573548,0.037317
13.104499,-0.610865,-0.574693,0.036172
13.114560,-0.610865,-0.575456,0.035409
13.124695,-0.610865,-0.576219,0.034646
13.134756,-0.610865,-0.576600,0.034265
13.144820,-0.610865,-0.576982,0.033883
13.154883,-0.610865,-0.577363,0.033502
13.164948,-0.610865,-0.577363,0.033502
13.175009,-0.610865,-0.577363,0.033502
13.185071,-0.610865,-0.577363,0.033502
13.195131,-0.610865,-0.577363,0.033502
13.205195,-0.610865,-0.577363,0.033502
13.215253,-0.610865,-0.577363,0.033502
13.225311,-0.610865,-0.577363,0.033502
13.235364,-0.610865,-0.577363,0.033502
13.245413,-0.610865,-0.577363,0.033502
13.255466,-0.610865,-0.577363,0.033502
13.265518,-0.610865,-0.577363,0.033502
13.275567,-0.610865,-0.577363,0.033502
13.285617,-0.610865,-0.577363,0.033502
13.295668,-0.610865,-0.577363,0.033502
13.305718,-0.610865,-0.577363,0.033502
13.315769,-0.610865,-0.577363,0.033502
13.325822,-0.610865,-0.577363,0.033502
13.335873,-0.610865,-0.577363,0.033502
13.345924,-0.610865,-0.577363,0.033502
13.355977,-0.610865,-0.577363,0.033502
13.366027,-0.610865,-0.577363,0.033502
13.376076,-0.610865,-0.577363,0.033502
13.386131,-0.610865,-0.577363,0.033502
13.396170,-0.610865,-0.577363,0.033502
13.406233,-0.610865,-0.577363,0.033502
13.416293,-0.610865,-0.577363,0.033502
13.426354,-0.610865,-0.577363,0.033502
13.436416,-0.610865,-0.577363,0.033502
13.446477,-0.610865,-0.577363,0.033502
13.456542,-0.610865,-0.577363,0.033502
13.466600,-0.610865,-0.577363,0.033502
13.476663,-0.610865,-0.577363,0.033502
13.486722,-0.610865,-0.577363,0.033502
13.496784,-0.610865,-0.577363,0.033502
13.506846,-0.610865,-0.577363,0.033502
13.516906,-0.610865,-0.577363,0.033502
13.526964,-0.610865,-0.577363,0.033502
13.537027,-0.610865,-0.577363,0.033502
13.547090,-0.610865,-0.577363,0.033502
13.557153,-0.610865,-0.577363,0.033502
13.567210,-0.610865,-0.577363,0.033502
13.577272,-0.610865,-0.577363,0.033502
13.587336,-0.610865,-0.577363,0.033502
13.597396,-0.610865,-0.577363,0.033502
13.607459,-0.610865,-0.577363,0.033502
13.617519,-0.610865,-0.577363,0.033502
13.627581,-0.610865,-0.577363,0.033502
13.637640,-0.610865,-0.577363,0.033502
13.647693,-0.610865,-0.577363,0.033502
13.657747,-0.610865,-0.577363,0.033502
13.667801,-0.610865,-0.577363,0.033502
13.677854,-0.610865,-0.577363,0.033502
13.687916,-0.610865,-0.577363,0.033502
13.697968,-0.610865,-0.577363,0.033502
13.708019,-0.610865,-0.577363,0.033502
13.718070,-0.610865,-0.577363,0.033502
13.728121,-0.610865,-0.577363,0.033502
13.738175,-0.610865,-0.577363,0.033502
13.748228,-0.610865,-0.577363,0.033502
13.758281,-0.610865,-0.577363,0.033502
13.768334,-0.610865,-0.577363,0.033502
13.778385,-0.610865,-0.577363,0.033502
13.788436,-0.610865,-0.577363,0.033502
13.798488,-0.610865,-0.577363,0.033502
13.808540,-0.610865,-0.577363,0.033502
13.818591,-0.610865,-0.577363,0.033502
13.828643,-0.610865,-0.577363,0.033502
13.838694,-0.610865,-0.577363,0.033502
13.848748,-0.610865,-0.577363,0.033502
13.858798,-0.610865,-0.577363,0.033502
13.868850,-0.610865,-0.577363,0.033502
13.878902,-0.610865,-0.577363,0.033502
13.888953,-0.610865,-0.577363,0.033502
13.899003,-0.610865,-0.577363,0.033502
13.909055,-0.610865,-0.577363,0.033502
13.919106,-0.610865,-0.577363,0.033502
13.929159,-0.610865,-0.577363,0.033502
13.939211,-0.610865,-0.577363,0.033502
13.949262,-0.610865,-0.577363,0.033502
13.959314,-0.610865,-0.577363,0.033502
13.969409,-0.610865,-0.577363,0.033502
13.979461,-0.610865,-0.577363,0.033502
13.989512,-0.610865,-0.577363,0.033502
13.999562,-0.610865,-0.577363,0.033502
14.009613,-0.610865,-0.577363,0.033502
14.019664,-0.610865,-0.577363,0.033502
14.029712,-0.610865,-0.577363,0.033502
14.039761,-0.610865,-0.577363,0.033502
14.049812,-0.610865,-0.577363,0.033502
14.059862,-0.610865,-0.577363,0.033502
14.069912,-0.610865,-0.577363,0.033502
14.079963,-0.610865,-0.577363,0.033502
14.090014,-0.610865,-0.577363,0.033502
14.100065,-0.610865,-0.577363,0.033502
14.110116,-0.610865,-0.577363,0.033502
14.120168,-0.610865,-0.577363,0.033502
14.130218,-0.610865,-0.577363,0.033502
14.140266,-0.610865,-0.577363,0.033502
14.150318,-0.610865,-0.577363,0.033502
14.160369,-0.610865,-0.577363,0.033502
14.170423,-0.610865,-0.577363,0.033502
14.180475,-0.610865,-0.577363,0.033502
14.190526,-0.610865,-0.577363,0.033502
14.200577,-0.610865,-0.577363,0.033502
14.210628,-0.610865,-0.577363,0.033502
14.220679,-0.610865,-0.577363,0.033502
14.230729,-0.610865,-0.577363,0.033502
14.240780,-0.610865,-0.577363,0.033502
14.250830,-0.610865,-0.577363,0.033502
14.260879,-0.610865,-0.577363,0.033502
14.270930,-0.610865,-0.577363,0.033502
14.280981,-0.610865,-0.577363,0.033502
14.291033,-0.610865,-0.577363,0.033502
14.301085,-0.610865,-0.577363,0.033502
14.311136,-0.610865,-0.577363,0.033502
14.321188,-0.610865,-0.577363,0.033502
14.331238,-0.610865,-0.577363,0.033502
14.341287,-0.610865,-0.577363,0.033502
14.351345,-0.610865,-0.577363,0.033502
14.361397,-0.610865,-0.577363,0.033502
14.371448,-0.610865,-0.577363,0.033502
14.381498,-0.610865,-0.577363,0.033502
14.391548,-0.610865,-0.577363,0.033502
14.401599,-0.610865,-0.577363,0.033502
14.411649,-0.610865,-0.577363,0.033502
14.421701,-0.610865,-0.577363,0.033502
14.431752,-0.610865,-0.577363,0.033502
14.441802,-0.610865,-0.577363,0.033502
14.451852,-0.610865,-0.577363,0.033502
14.461902,-0.610865,-0.577363,0.033502
14.471953,-0.610865,-0.577363,0.033502
14.482003,-0.610865,-0.577363,0.033502
14.492053,-0.610865,-0.577363,0.033502
