t,ref,resp,err,eff
0.000000,-0.261799,-0.258068,0.003731,-0.114774
0.010053,-0.261799,-0.258068,0.003731,-0.114774
0.020116,-0.261799,-0.258068,0.003731,-0.114774
0.030182,-0.261799,-0.258068,0.003731,-0.114774
0.040242,-0.261799,-0.258068,0.003731,-0.114774
0.050304,-0.261799,-0.258068,0.003731,-0.114774
0.060370,-0.261799,-0.258068,0.003731,-0.114774
0.070434,-0.261799,-0.258068,0.003731,-0.114774
0.080497,-0.261799,-0.258068,0.003731,-0.114774
0.090560,-0.261799,-0.258068,0.003731,-0.114774
0.100612,-0.261799,-0.258068,0.003731,-0.114774
0.110675,-0.261799,-0.258068,0.003731,-0.114774
0.120738,-0.261799,-0.258068,0.003731,-0.114774
0.130802,-0.261799,-0.258068,0.003731,-0.114774
0.140862,-0.261799,-0.258068,0.003731,-0.114774
0.150926,-0.261799,-0.258068,0.003731,-0.114774
0.160981,-0.261799,-0.258068,0.003731,-0.114774
0.171033,-0.261799,-0.258068,0.003731,-0.114774
0.181108,-0.261799,-0.258068,0.003731,-0.114774
0.191127,-0.261799,-0.258068,0.003731,-0.114774
0.201180,-0.261799,-0.258068,0.003731,-0.114774
0.211233,-0.261799,-0.258068,0.003731,-0.114774
0.221296,-0.261799,-0.258068,0.003731,-0.114774
0.231356,-0.261799,-0.258068,0.003731,-0.114774
0.241420,-0.261799,-0.258068,0.003731,-0.114774
0.251475,-0.261799,-0.258068,0.003731,-0.114774
0.261536,-0.261799,-0.258068,0.003731,-0.114774
0.271597,-0.261799,-0.258068,0.003731,-0.114774
0.281650,-0.261799,-0.258068,0.003731,-0.114774
0.291703,-0.261799,-0.258068,0.003731,-0.114774
0.301764,-0.261799,-0.258068,0.003731,-0.114774
0.311818,-0.261799,-0.258068,0.003731,-0.114774
0.321879,-0.261799,-0.258068,0.003731,-0.114774
0.331938,-0.261799,-0.258068,0.003731,-0.114774
0.342000,-0.261799,-0.258068,0.003731,-0.114774
0.352060,-0.261799,-0.258068,0.003731,-0.105006
0.362122,-0.261799,-0.258068,0.003731,-0.105006
0.372184,-0.261799,-0.258068,0.003731,-0.105006
0.382246,-0.261799,-0.258068,0.003731,-0.105006
0.392325,-0.261799,-0.258068,0.003731,-0.105006
0.402388,-0.261799,-0.258068,0.003731,-0.105006
0.412448,-0.261799,-0.258068,0.003731,-0.105006
0.422510,-0.261799,-0.258068,0.003731,-0.105006
0.432574,-0.261799,-0.258068,0.003731,-0.105006
0.442633,-0.261799,-0.258068,0.003731,-0.105006
0.452694,-0.261799,-0.258068,0.003731,-0.105006
0.462755,-0.261799,-0.258068,0.003731,-0.105006
0.472818,-0.261799,-0.258068,0.003731,-0.105006
0.482877,-0.261799,-0.258068,0.003731,-0.105006
0.492941,-0.261799,-0.258068,0.003731,-0.105006
0.503000,-0.261799,-0.258068,0.003731,-0.105006
0.513064,-0.261799,-0.258068,0.003731,-0.109890
0.523126,-0.261799,-0.258068,0.003731,-0.109890
0.533187,-0.261799,-0.258068,0.003731,-0.109890
0.543250,-0.261799,-0.258068,0.003731,-0.109890
0.553314,-0.261799,-0.258068,0.003731,-0.109890
0.563373,-0.261799,-0.258068,0.003731,-0.109890
0.573436,-0.261799,-0.258068,0.003731,-0.109890
0.583502,-0.261799,-0.258068,0.003731,-0.109890
0.593564,-0.261799,-0.258068,0.003731,-0.109890
0.603618,-0.261799,-0.258068,0.003731,-0.109890
0.613682,-0.261799,-0.258068,0.003731,-0.109890
0.623842,-0.261799,-0.258068,0.003731,-0.109890
0.633905,-0.261799,-0.258068,0.003731,-0.109890
0.643957,-0.261799,-0.258068,0.003731,-0.109890
0.654019,-0.261799,-0.258068,0.003731,-0.109890
0.664083,-0.261799,-0.258068,0.003731,-0.109890
0.674139,-0.261799,-0.258068,0.003731,-0.109890
0.684205,-0.261799,-0.258068,0.003731,-0.109890
0.694267,-0.261799,-0.258068,0.003731,-0.109890
0.704328,-0.261799,-0.258068,0.003731,-0.109890
0.714381,-0.261799,-0.258068,0.003731,-0.109890
0.724435,-0.261799,-0.258068,0.003731,-0.109890
0.734495,-0.261799,-0.258068,0.003731,-0.109890
0.744557,-0.261799,-0.258068,0.003731,-0.109890
0.754619,-0.261799,-0.258068,0.003731,-0.109890
0.764683,-0.261799,-0.258068,0.003731,-0.109890
0.774747,-0.261799,-0.258068,0.003731,-0.109890
0.784810,-0.261799,-0.258068,0.003731,-0.109890
0.794872,-0.261799,-0.258068,0.003731,-0.109890
0.804937,-0.261799,-0.258068,0.003731,-0.109890
0.814998,-0.261799,-0.258068,0.003731,-0.109890
0.825061,-0.261799,-0.258068,0.003731,-0.109890
0.835114,-0.261799,-0.258068,0.003731,-0.109890
0.845137,-0.261799,-0.258068,0.003731,-0.109890
0.855200,-0.261799,-0.258068,0.003731,-0.109890
0.865263,-0.261799,-0.258068,0.003731,-0.109890
0.875328,-0.261799,-0.258068,0.003731,-0.109890
0.885390,-0.261799,-0.258068,0.003731,-0.109890
0.895444,-0.261799,-0.258068,0.003731,-0.109890
0.905504,-0.261799,-0.258068,0.003731,-0.109890
0.915566,-0.261799,-0.258068,0.003731,-0.109890
0.925629,-0.261799,-0.258068,0.003731,-0.109890
0.935694,-0.261799,-0.258068,0.003731,-0.109890
0.945755,-0.261799,-0.258068,0.003731,-0.109890
0.955819,-0.261799,-0.258068,0.003731,-0.109890
0.965880,-0.261799,-0.258068,0.003731,-0.109890
0.975943,-0.261799,-0.258068,0.003731,-0.109890
0.986004,-0.261799,-0.258068,0.003731,-0.109890
0.996066,-0.261799,-0.258068,0.003731,-0.109890
1.006132,-0.236115,-0.258068,-0.021953,-0.109890
1.016185,-0.194004,-0.258068,-0.064064,-0.109890
1.026249,-0.151848,-0.258068,-0.106220,-0.109890
1.036314,-0.109686,-0.258068,-0.148382,-0.109890
1.046376,-0.067541,-0.258068,-0.190528,-0.109890
1.056439,-0.025387,-0.258068,-0.232681,-0.109890
1.066546,0.016947,-0.258068,-0.275015,-0.109890
1.076610,0.059105,-0.258068,-0.317174,-0.109890
1.086672,0.101251,-0.258068,-0.359319,-0.109890
1.096735,0.143405,-0.258068,-0.401473,-0.109890
1.106797,0.185551,-0.258068,-0.443619,-0.109890
1.116859,0.227700,-0.258068,-0.485768,-0.109890
1.126923,0.261799,-0.258068,-0.519868,-0.109890
1.136987,0.261799,-0.258068,-0.519868,-0.109890
1.147049,0.261799,-0.025368,-0.287168,-0.007326
1.157112,0.261799,0.001717,-0.260083,1.995116
1.167174,0.261799,0.001717,-0.260083,1.995116
1.177236,0.261799,0.001717,-0.260083,1.995116
1.187297,0.261799,0.001717,-0.260083,1.995116
1.197350,0.261799,0.001717,-0.260083,1.995116
1.207403,0.261799,0.001717,-0.260083,1.995116
1.217455,0.261799,0.001717,-0.260083,1.995116
1.227507,0.261799,0.001717,-0.260083,1.995116
1.237559,0.261799,0.001717,-0.260083,1.995116
1.247611,0.261799,0.001717,-0.260083,1.995116
1.257665,0.261799,0.001717,-0.260083,1.995116
1.267719,0.261799,0.001717,-0.260083,1.995116
1.277771,0.261799,0.001717,-0.260083,1.995116
1.287824,0.261799,0.001717,-0.260083,1.995116
1.297917,0.261799,0.001717,-0.260083,1.995116
1.307980,0.261799,0.001717,-0.260083,1.995116
1.318042,0.261799,0.001717,-0.260083,1.995116
1.328104,0.261799,0.001717,-0.260083,1.995116
1.338137,0.261799,0.001717,-0.260083,1.995116
1.348201,0.261799,0.001717,-0.260083,1.995116
1.358263,0.261799,0.001717,-0.260083,1.995116
1.368319,0.261799,0.001717,-0.260083,1.995116
1.378380,0.261799,0.001717,-0.260083,1.995116
1.388442,0.261799,0.001717,-0.260083,1.995116
1.398506,0.261799,0.001717,-0.260083,1.995116
1.408566,0.261799,0.001717,-0.260083,1.995116
1.418629,0.261799,0.001717,-0.260083,1.995116
1.428690,0.261799,0.001717,-0.260083,1.995116
1.438752,0.261799,0.001717,-0.260083,1.995116
1.448813,0.261799,0.001717,-0.260083,1.995116
1.458878,0.261799,0.001717,-0.260083,1.995116
1.468931,0.261799,0.001717,-0.260083,1.995116
1.478993,0.261799,0.001717,-0.260083,1.995116
1.489055,0.261799,0.262646,0.000847,-0.041514
1.499117,0.261799,0.262646,0.000847,-0.041514
1.509185,0.261799,0.262646,0.000847,-0.041514
1.519248,0.261799,0.262646,0.000847,-0.041514
1.529309,0.261799,0.262646,0.000847,-0.041514
1.539371,0.261799,0.262646,0.000847,-0.041514
1.549433,0.261799,0.262646,0.000847,-0.041514
1.559498,0.261799,0.262646,0.000847,-0.041514
1.569560,0.261799,0.262646,0.000847,-0.041514
1.579624,0.261799,0.262646,0.000847,-0.041514
1.589688,0.261799,0.262646,0.000847,-0.041514
1.599748,0.261799,0.262646,0.000847,-0.041514
1.609812,0.261799,0.262646,0.000847,-0.041514
1.619873,0.261799,0.262646,0.000847,-0.041514
1.629936,0.261799,0.262646,0.000847,-0.041514
1.639996,0.261799,0.262646,0.000847,-0.041514
1.650059,0.261799,0.262646,0.000847,-0.041514
1.660122,0.261799,0.262646,0.000847,-0.041514
1.670186,0.261799,0.262646,0.000847,-0.041514
1.680248,0.261799,0.262646,0.000847,-0.041514
1.690311,0.261799,0.262646,0.000847,-0.041514
1.700372,0.261799,0.262646,0.000847,-0.041514
1.710434,0.261799,0.262646,0.000847,-0.041514
1.720487,0.261799,0.262646,0.000847,-0.041514
1.730552,0.261799,0.262646,0.000847,-0.041514
1.740609,0.261799,0.262646,0.000847,-0.041514
1.750662,0.261799,0.262646,0.000847,-0.041514
1.760715,0.261799,0.262646,0.000847,-0.041514
1.770765,0.261799,0.262646,0.000847,-0.041514
1.780816,0.261799,0.262646,0.000847,-0.041514
1.790874,0.261799,0.262646,0.000847,-0.041514
1.800925,0.261799,0.262646,0.000847,-0.041514
1.810977,0.261799,0.262646,0.000847,-0.041514
1.821028,0.261799,0.262646,0.000847,-0.041514
1.831078,0.261799,0.262646,0.000847,-0.041514
1.841129,0.261799,0.262646,0.000847,-0.041514
1.851181,0.261799,0.262646,0.000847,-0.041514
1.861232,0.261799,0.262646,0.000847,-0.041514
1.871282,0.261799,0.262646,0.000847,-0.041514
1.881334,0.261799,0.262646,0.000847,-0.041514
1.891384,0.261799,0.262646,0.000847,-0.041514
1.901435,0.261799,0.262646,0.000847,-0.041514
1.911484,0.261799,0.262646,0.000847,-0.041514
1.921533,0.261799,0.262646,0.000847,-0.041514
1.931694,0.261799,0.262646,0.000847,-0.041514
1.941744,0.261799,0.262646,0.000847,-0.041514
1.951796,0.261799,0.262646,0.000847,-0.041514
1.961846,0.261799,0.262646,0.000847,-0.041514
1.971898,0.261799,0.262646,0.000847,-0.041514
1.981948,0.261799,0.262646,0.000847,-0.041514
1.992000,0.261799,0.262646,0.000847,-0.041514
2.002050,0.261799,0.262646,0.000847,-0.046398
2.012099,0.261799,0.262646,0.000847,-0.046398
2.022149,0.261799,0.262646,0.000847,-0.046398
2.032200,0.261799,0.262646,0.000847,-0.046398
2.042251,0.261799,0.262646,0.000847,-0.046398
2.052304,0.261799,0.262646,0.000847,-0.046398
2.062355,0.261799,0.262646,0.000847,-0.046398
2.072405,0.261799,0.262646,0.000847,-0.046398
2.082456,0.261799,0.262646,0.000847,-0.046398
2.092507,0.261799,0.262646,0.000847,-0.046398
2.102558,0.261799,0.262646,0.000847,-0.046398
2.112608,0.261799,0.262646,0.000847,-0.046398
2.122659,0.261799,0.262646,0.000847,-0.046398
2.132709,0.261799,0.262646,0.000847,-0.046398
2.142760,0.261799,0.262646,0.000847,-0.046398
2.152812,0.261799,0.262646,0.000847,-0.046398
2.162863,0.261799,0.262646,0.000847,-0.046398
2.172913,0.261799,0.262646,0.000847,-0.046398
2.182964,0.261799,0.262646,0.000847,-0.046398
2.193015,0.261799,0.262646,0.000847,-0.046398
2.203066,0.261799,0.262646,0.000847,-0.046398
2.213118,0.261799,0.262646,0.000847,-0.046398
2.223169,0.261799,0.262646,0.000847,-0.046398
2.233218,0.261799,0.262646,0.000847,-0.046398
2.243268,0.261799,0.262646,0.000847,-0.046398
2.253323,0.261799,0.262646,0.000847,-0.046398
2.263375,0.261799,0.262646,0.000847,-0.046398
2.273432,0.261799,0.262646,0.000847,-0.046398
2.283484,0.261799,0.262646,0.000847,-0.046398
2.293535,0.261799,0.262646,0.000847,-0.046398
2.303585,0.261799,0.262646,0.000847,-0.046398
2.313639,0.261799,0.262646,0.000847,-0.046398
2.323688,0.261799,0.262646,0.000847,-0.046398
2.333814,0.261799,0.262646,0.000847,-0.046398
2.343864,0.261799,0.262646,0.000847,-0.046398
2.353915,0.261799,0.262646,0.000847,-0.046398
2.363967,0.261799,0.262646,0.000847,-0.046398
2.374017,0.261799,0.262646,0.000847,-0.046398
2.384067,0.261799,0.262646,0.000847,-0.046398
2.394119,0.261799,0.262646,0.000847,-0.046398
2.404169,0.261799,0.262646,0.000847,-0.046398
2.414219,0.261799,0.262646,0.000847,-0.046398
2.424269,0.261799,0.262646,0.000847,-0.046398
2.434318,0.261799,0.262646,0.000847,-0.046398
2.444367,0.261799,0.262646,0.000847,-0.046398
2.454419,0.261799,0.262646,0.000847,-0.046398
2.464471,0.261799,0.262646,0.000847,-0.041514
2.474522,0.261799,0.262646,0.000847,-0.041514
2.484573,0.261799,0.262646,0.000847,-0.041514
2.494625,0.261799,0.262646,0.000847,-0.041514
2.504676,0.261799,0.262646,0.000847,-0.041514
2.514726,0.261799,0.262646,0.000847,-0.041514
2.524790,0.261799,0.262646,0.000847,-0.041514
2.534840,0.261799,0.262646,0.000847,-0.041514
2.544890,0.261799,0.262646,0.000847,-0.041514
2.554942,0.261799,0.262646,0.000847,-0.041514
2.564994,0.261799,0.262646,0.000847,-0.041514
2.575042,0.261799,0.262646,0.000847,-0.041514
2.585092,0.261799,0.262646,0.000847,-0.041514
2.595143,0.261799,0.262646,0.000847,-0.046398
2.605194,0.261799,0.262646,0.000847,-0.046398
2.615245,0.261799,0.262646,0.000847,-0.046398
2.625297,0.261799,0.262646,0.000847,-0.046398
2.635346,0.261799,0.262646,0.000847,-0.046398
2.645396,0.261799,0.262646,0.000847,-0.046398
2.655452,0.261799,0.262646,0.000847,-0.046398
2.665505,0.261799,0.262646,0.000847,-0.046398
2.675559,0.261799,0.262646,0.000847,-0.046398
2.685611,0.261799,0.262646,0.000847,-0.046398
2.695661,0.261799,0.262646,0.000847,-0.046398
2.705711,0.261799,0.262646,0.000847,-0.046398
2.715761,0.261799,0.262646,0.000847,-0.046398
2.725813,0.261799,0.262646,0.000847,-0.046398
2.735906,0.261799,0.262646,0.000847,-0.046398
2.745958,0.261799,0.262646,0.000847,-0.046398
2.756011,0.261799,0.262646,0.000847,-0.046398
2.766063,0.261799,0.262646,0.000847,-0.046398
2.776116,0.261799,0.262646,0.000847,-0.046398
2.786165,0.261799,0.262646,0.000847,-0.046398
2.796217,0.261799,0.262646,0.000847,-0.046398
2.806270,0.261799,0.262646,0.000847,-0.046398
2.816320,0.261799,0.262646,0.000847,-0.046398
2.826370,0.261799,0.262646,0.000847,-0.046398
2.836421,0.261799,0.262646,0.000847,-0.046398
2.846472,0.261799,0.262646,0.000847,-0.046398
2.856524,0.261799,0.262646,0.000847,-0.046398
2.866576,0.261799,0.262646,0.000847,-0.046398
2.876628,0.261799,0.262646,0.000847,-0.046398
2.886686,0.261799,0.262646,0.000847,-0.046398
2.896738,0.261799,0.262646,0.000847,-0.046398
2.906788,0.261799,0.262646,0.000847,-0.046398
2.916838,0.261799,0.262646,0.000847,-0.046398
2.926888,0.261799,0.262646,0.000847,-0.046398
2.936938,0.261799,0.262646,0.000847,-0.046398
2.946988,0.261799,0.262646,0.000847,-0.046398
2.957040,0.261799,0.262646,0.000847,-0.046398
2.967091,0.261799,0.262646,0.000847,-0.046398
2.977126,0.261799,0.262646,0.000847,-0.046398
2.987177,0.261799,0.262646,0.000847,-0.046398
2.997227,0.261799,0.262646,0.000847,-0.046398
3.007278,0.231313,0.262646,0.031333,-0.046398
3.017330,0.189208,0.262646,0.073438,-0.041514
3.027382,0.147101,0.262646,0.115545,-0.041514
3.037434,0.104995,0.262646,0.157650,-0.041514
3.047484,0.062900,0.262646,0.199746,-0.041514
3.057534,0.020802,0.262646,0.241844,-0.041514
3.067585,-0.021302,0.262646,0.283948,-0.041514
3.077638,-0.063408,0.262646,0.326054,-0.041514
3.087687,-0.105503,0.262646,0.368149,-0.041514
3.097738,-0.147603,0.262646,0.410249,-0.041514
3.107787,-0.189700,0.262646,0.452346,-0.041514
3.117839,-0.231803,0.262646,0.494449,-0.041514
3.127890,-0.261799,0.262646,0.524445,-0.041514
3.137941,-0.261799,0.262646,0.524445,-0.041514
3.147990,-0.261799,0.262646,0.524445,-0.041514
3.158040,-0.261799,0.262646,0.524445,-0.041514
3.168091,-0.261799,0.262646,0.524445,-0.041514
3.178126,-0.261799,0.262646,0.524445,-0.041514
3.188181,-0.261799,0.262646,0.524445,-0.041514
3.198245,-0.261799,0.262646,0.524445,-0.041514
3.208310,-0.261799,0.262646,0.524445,-0.041514
3.218371,-0.261799,0.262646,0.524445,-0.041514
3.228434,-0.261799,0.262646,0.524445,-0.041514
3.238500,-0.261799,0.262646,0.524445,-0.041514
3.248554,-0.261799,0.262646,0.524445,-0.041514
3.258606,-0.261799,0.262646,0.524445,-0.041514
3.268658,-0.261799,0.262646,0.524445,-0.041514
3.278709,-0.261799,0.262646,0.524445,-0.041514
3.288759,-0.261799,0.262646,0.524445,-0.041514
3.298810,-0.261799,0.262646,0.524445,-0.041514
3.308859,-0.261799,0.262646,0.524445,-0.041514
3.318909,-0.261799,0.262646,0.524445,-0.041514
3.329035,-0.261799,0.262646,0.524445,-0.041514
3.339084,-0.261799,0.262646,0.524445,-0.041514
3.349135,-0.261799,0.262646,0.524445,-0.041514
3.359187,-0.261799,0.262646,0.524445,-0.041514
3.369239,-0.261799,0.262646,0.524445,-0.041514
3.379291,-0.261799,0.262646,0.524445,-0.041514
3.389341,-0.261799,0.262646,0.524445,-0.041514
3.399391,-0.261799,0.262646,0.524445,-0.041514
3.409442,-0.261799,0.262646,0.524445,-0.041514
3.419491,-0.261799,0.262646,0.524445,-0.041514
3.429543,-0.261799,0.262646,0.524445,-0.041514
3.439593,-0.261799,0.262646,0.524445,-0.041514
3.449643,-0.261799,0.262646,0.524445,-0.041514
3.459694,-0.261799,0.262646,0.524445,-0.046398
3.469747,-0.261799,0.262646,0.524445,-0.046398
3.479798,-0.261799,0.262646,0.524445,-0.046398
3.489849,-0.261799,0.262646,0.524445,-0.046398
3.499898,-0.261799,0.262646,0.524445,-0.046398
3.509950,-0.261799,0.262646,0.524445,-0.046398
3.520008,-0.261799,0.262646,0.524445,-0.046398
3.530059,-0.261799,0.262646,0.524445,-0.046398
3.540111,-0.261799,0.262646,0.524445,-0.046398
3.550160,-0.261799,0.262646,0.524445,-0.046398
3.560212,-0.261799,0.262646,0.524445,-0.046398
3.570262,-0.261799,0.262646,0.524445,-0.046398
3.580314,-0.261799,0.262646,0.524445,-0.046398
3.590366,-0.261799,0.262646,0.524445,-0.046398
3.600417,-0.261799,0.262646,0.524445,-0.046398
3.610466,-0.261799,0.262646,0.524445,-0.046398
3.620516,-0.261799,0.262646,0.524445,-0.046398
3.630567,-0.261799,0.262646,0.524445,-0.046398
3.640618,-0.261799,0.262646,0.524445,-0.046398
3.650669,-0.261799,0.262646,0.524445,-0.046398
3.660720,-0.261799,0.262646,0.524445,-0.046398
3.670771,-0.261799,0.262646,0.524445,-0.046398
3.680822,-0.261799,0.262646,0.524445,-0.046398
3.690876,-0.261799,0.262646,0.524445,-0.046398
3.700928,-0.261799,0.262646,0.524445,-0.046398
3.710981,-0.261799,0.262646,0.524445,-0.046398
3.721032,-0.261799,0.262646,0.524445,-0.046398
3.731083,-0.261799,0.262646,0.524445,-0.046398
3.741133,-0.261799,0.262646,0.524445,-0.046398
3.751184,-0.261799,0.262646,0.524445,-0.046398
3.761235,-0.261799,0.262646,0.524445,-0.046398
3.771287,-0.261799,0.262646,0.524445,-0.046398
3.781338,-0.261799,0.262646,0.524445,-0.046398
3.791390,-0.261799,0.262646,0.524445,-0.046398
3.801441,-0.261799,0.262646,0.524445,-0.046398
3.811493,-0.261799,0.262646,0.524445,-0.046398
3.821541,-0.261799,0.262646,0.524445,-0.046398
3.831593,-0.261799,0.262646,0.524445,-0.046398
3.841643,-0.261799,0.262646,0.524445,-0.046398
3.851692,-0.261799,0.262646,0.524445,-0.046398
3.861744,-0.261799,0.262646,0.524445,-0.046398
3.871794,-0.261799,0.262646,0.524445,-0.046398
3.881848,-0.261799,0.262646,0.524445,-0.046398
3.891897,-0.261799,0.262646,0.524445,-0.046398
3.901949,-0.261799,0.262646,0.524445,-0.046398
3.911998,-0.261799,0.262646,0.524445,-0.046398
3.922050,-0.261799,0.262646,0.524445,-0.046398
3.932099,-0.261799,0.262646,0.524445,-0.046398
3.942150,-0.261799,0.262646,0.524445,-0.046398
3.952201,-0.261799,0.262646,0.524445,-0.046398
3.962253,-0.261799,0.262646,0.524445,-0.046398
3.972305,-0.261799,-0.267987,-0.006187,0.134310
3.982357,-0.261799,-0.267987,-0.006187,0.134310
3.992408,-0.261799,-0.267987,-0.006187,0.134310
4.002460,-0.261799,-0.267987,-0.006187,0.134310
4.012510,-0.261799,-0.267987,-0.006187,0.134310
4.022560,-0.261799,-0.267987,-0.006187,0.134310
4.032611,-0.261799,-0.267987,-0.006187,0.134310
4.042661,-0.261799,-0.267987,-0.006187,0.134310
4.052713,-0.261799,-0.267987,-0.006187,0.134310
4.062765,-0.261799,-0.267987,-0.006187,0.134310
4.072815,-0.261799,-0.267987,-0.006187,0.134310
4.082866,-0.261799,-0.267987,-0.006187,0.134310
4.092914,-0.261799,-0.267987,-0.006187,0.134310
4.102965,-0.261799,-0.267987,-0.006187,0.134310
4.113028,-0.261799,-0.267987,-0.006187,0.134310
4.123080,-0.261799,-0.267987,-0.006187,0.134310
4.133130,-0.261799,-0.267987,-0.006187,0.134310
4.143138,-0.261799,-0.267987,-0.006187,0.134310
4.153171,-0.261799,-0.267987,-0.006187,0.134310
4.163235,-0.261799,-0.267987,-0.006187,0.134310
4.173290,-0.261799,-0.267987,-0.006187,0.134310
4.183344,-0.261799,-0.267987,-0.006187,0.134310
4.193397,-0.261799,-0.267987,-0.006187,0.134310
4.203459,-0.261799,-0.267987,-0.006187,0.134310
4.213523,-0.261799,-0.267987,-0.006187,0.134310
4.223587,-0.261799,-0.267987,-0.006187,0.134310
4.233650,-0.261799,-0.267987,-0.006187,0.134310
4.243713,-0.261799,-0.267987,-0.006187,0.134310
4.253767,-0.261799,-0.267987,-0.006187,0.134310
4.263819,-0.261799,-0.267987,-0.006187,0.134310
4.273872,-0.261799,-0.267987,-0.006187,0.134310
4.283924,-0.261799,-0.267987,-0.006187,0.134310
4.293977,-0.261799,-0.267987,-0.006187,0.134310
4.304038,-0.261799,-0.267987,-0.006187,0.134310
4.314102,-0.261799,-0.267987,-0.006187,0.134310
4.324138,-0.261799,-0.267987,-0.006187,0.134310
4.334193,-0.261799,-0.267987,-0.006187,0.134310
4.344257,-0.261799,-0.267987,-0.006187,0.134310
4.354318,-0.261799,-0.267987,-0.006187,0.134310
4.364378,-0.261799,-0.267987,-0.006187,0.134310
4.374439,-0.261799,-0.267987,-0.006187,0.134310
4.384499,-0.261799,-0.267987,-0.006187,0.134310
4.394561,-0.261799,-0.267987,-0.006187,0.134310
4.404623,-0.261799,-0.267987,-0.006187,0.134310
4.414686,-0.261799,-0.267987,-0.006187,0.134310
4.424750,-0.261799,-0.267987,-0.006187,0.134310
4.434808,-0.261799,-0.267987,-0.006187,0.134310
4.444871,-0.261799,-0.267987,-0.006187,0.134310
4.454930,-0.261799,-0.267987,-0.006187,0.134310
4.464994,-0.261799,-0.267987,-0.006187,0.134310
4.475053,-0.261799,-0.267987,-0.006187,0.134310
4.485115,-0.261799,-0.267987,-0.006187,0.134310
4.495175,-0.261799,-0.267987,-0.006187,0.134310
4.505238,-0.261799,-0.267987,-0.006187,0.134310
4.515299,-0.261799,-0.267987,-0.006187,0.134310
4.525362,-0.261799,-0.267987,-0.006187,0.134310
4.535414,-0.261799,-0.267987,-0.006187,0.134310
4.545475,-0.261799,-0.267987,-0.006187,0.134310
4.555534,-0.261799,-0.267987,-0.006187,0.134310
4.565596,-0.261799,-0.267987,-0.006187,0.134310
4.575660,-0.261799,-0.267987,-0.006187,0.134310
4.585720,-0.261799,-0.267987,-0.006187,0.134310
4.595782,-0.261799,-0.267987,-0.006187,0.134310
4.605846,-0.261799,-0.267987,-0.006187,0.134310
4.615908,-0.261799,-0.267987,-0.006187,0.134310
4.625970,-0.261799,-0.267987,-0.006187,0.134310
4.636035,-0.261799,-0.267605,-0.005806,0.134310
4.646088,-0.261799,-0.267605,-0.005806,0.134310
4.656140,-0.261799,-0.267605,-0.005806,0.134310
4.666192,-0.261799,-0.267605,-0.005806,0.134310
4.676253,-0.261799,-0.267605,-0.005806,0.134310
4.686316,-0.261799,-0.267605,-0.005806,0.134310
4.696380,-0.261799,-0.267605,-0.005806,0.134310
4.706440,-0.261799,-0.267605,-0.005806,0.134310
4.716494,-0.261799,-0.267605,-0.005806,0.134310
4.726546,-0.261799,-0.267605,-0.005806,0.134310
4.736600,-0.261799,-0.267605,-0.005806,0.134310
4.746651,-0.261799,-0.267605,-0.005806,0.134310
4.756705,-0.261799,-0.267605,-0.005806,0.134310
4.766759,-0.261799,-0.267605,-0.005806,0.134310
4.776821,-0.261799,-0.267605,-0.005806,0.134310
4.786993,-0.261799,-0.267605,-0.005806,0.134310
4.797054,-0.261799,-0.267605,-0.005806,0.134310
4.807116,-0.261799,-0.267605,-0.005806,0.134310
4.817156,-0.261799,-0.267605,-0.005806,0.134310
4.827218,-0.261799,-0.267605,-0.005806,0.134310
4.837280,-0.261799,-0.267605,-0.005806,0.134310
4.847344,-0.261799,-0.267605,-0.005806,0.134310
4.857408,-0.261799,-0.267605,-0.005806,0.134310
4.867470,-0.261799,-0.267605,-0.005806,0.134310
4.877533,-0.261799,-0.267605,-0.005806,0.134310
4.887596,-0.261799,-0.267605,-0.005806,0.134310
4.897651,-0.261799,-0.267605,-0.005806,0.134310
4.907704,-0.261799,-0.267605,-0.005806,0.134310
4.917756,-0.261799,-0.264935,-0.003135,0.065934
4.927808,-0.261799,-0.264935,-0.003135,0.065934
4.937861,-0.261799,-0.264935,-0.003135,0.065934
4.947914,-0.261799,-0.264935,-0.003135,0.065934
4.957966,-0.261799,-0.264935,-0.003135,0.065934
4.968020,-0.261799,-0.264935,-0.003135,0.065934
4.978072,-0.261799,-0.264935,-0.003135,0.065934
4.988125,-0.261799,-0.264935,-0.003135,0.065934
4.998188,-0.261799,-0.264935,-0.003135,0.065934
5.008242,-0.227275,-0.264935,-0.037660,0.065934
5.018296,-0.185163,-0.264935,-0.079772,0.065934
5.028348,-0.143054,-0.264935,-0.121881,0.065934
5.038401,-0.100945,-0.264935,-0.163990,0.065934
5.048453,-0.058838,-0.264935,-0.206097,0.065934
5.058513,-0.016701,-0.264935,-0.248234,0.065934
5.068575,0.025446,-0.264935,-0.290381,0.065934
5.078635,0.067585,-0.264935,-0.332519,0.065934
5.088697,0.109735,-0.264935,-0.374670,0.065934
5.098760,0.151885,-0.264935,-0.416820,0.065934
5.108821,0.194027,-0.264935,-0.458962,0.065934
5.118884,0.236182,-0.264935,-0.501117,0.065934
5.128943,0.261799,-0.264935,-0.526734,0.065934
5.139004,0.261799,-0.264935,-0.526734,0.065934
5.149065,0.261799,-0.264935,-0.526734,0.065934
5.159123,0.261799,-0.264935,-0.526734,0.065934
5.169175,0.261799,-0.264935,-0.526734,0.065934
5.179225,0.261799,-0.264935,-0.526734,0.065934
5.189279,0.261799,-0.264935,-0.526734,0.065934
5.199332,0.261799,-0.264935,-0.526734,0.065934
5.209384,0.261799,-0.264935,-0.526734,0.065934
5.219445,0.261799,-0.264935,-0.526734,0.065934
5.229504,0.261799,-0.264935,-0.526734,0.065934
5.239567,0.261799,-0.264935,-0.526734,0.065934
5.249666,0.261799,-0.264935,-0.526734,0.065934
5.259727,0.261799,-0.264935,-0.526734,0.065934
5.269787,0.261799,-0.264935,-0.526734,0.065934
5.279850,0.261799,-0.264935,-0.526734,0.065934
5.289910,0.261799,-0.264935,-0.526734,0.065934
5.299971,0.261799,-0.264935,-0.526734,0.065934
5.310032,0.261799,-0.264935,-0.526734,0.065934
5.320094,0.261799,-0.264935,-0.526734,0.065934
5.330158,0.261799,-0.264935,-0.526734,0.065934
5.340219,0.261799,-0.264935,-0.526734,0.065934
5.350278,0.261799,-0.264935,-0.526734,0.065934
5.360333,0.261799,-0.264935,-0.526734,0.065934
5.370392,0.261799,-0.264935,-0.526734,0.065934
5.380453,0.261799,-0.264935,-0.526734,0.065934
5.390515,0.261799,-0.264935,-0.526734,0.065934
5.400574,0.261799,-0.264935,-0.526734,0.065934
5.410636,0.261799,-0.264935,-0.526734,0.065934
5.420696,0.261799,-0.264935,-0.526734,0.065934
5.430759,0.261799,-0.264935,-0.526734,0.065934
5.440819,0.261799,-0.264935,-0.526734,0.065934
5.450880,0.261799,-0.264935,-0.526734,0.065934
5.460940,0.261799,-0.264935,-0.526734,0.065934
5.471001,0.261799,-0.264935,-0.526734,0.065934
5.481151,0.261799,-0.264935,-0.526734,0.065934
5.491212,0.261799,-0.264935,-0.526734,0.065934
5.501273,0.261799,-0.264935,-0.526734,0.065934
5.511334,0.261799,-0.264935,-0.526734,0.065934
5.521393,0.261799,-0.264935,-0.526734,0.065934
5.531452,0.261799,-0.264935,-0.526734,0.070818
5.541515,0.261799,-0.264935,-0.526734,0.070818
5.551575,0.261799,-0.264935,-0.526734,0.070818
5.561638,0.261799,-0.264935,-0.526734,0.070818
5.571697,0.261799,-0.264935,-0.526734,0.070818
5.581758,0.261799,-0.264935,-0.526734,0.070818
5.591818,0.261799,-0.264935,-0.526734,0.070818
5.601881,0.261799,-0.264935,-0.526734,0.070818
5.611943,0.261799,-0.264935,-0.526734,0.070818
5.622006,0.261799,-0.264935,-0.526734,0.070818
5.632064,0.261799,-0.264935,-0.526734,0.070818
5.642126,0.261799,-0.264935,-0.526734,0.070818
5.652186,0.261799,-0.264935,-0.526734,0.070818
5.662248,0.261799,-0.264935,-0.526734,0.070818
5.672308,0.261799,-0.264935,-0.526734,0.070818
5.682370,0.261799,0.266079,0.004280,-0.124542
5.692428,0.261799,0.266079,0.004280,-0.124542
5.702488,0.261799,0.266079,0.004280,-0.124542
5.712548,0.261799,0.266079,0.004280,-0.124542
5.722609,0.261799,0.266079,0.004280,-0.124542
5.732674,0.261799,0.266079,0.004280,-0.124542
5.742736,0.261799,0.266079,0.004280,-0.124542
5.752796,0.261799,0.266079,0.004280,-0.124542
5.762863,0.261799,0.266079,0.004280,-0.124542
5.772924,0.261799,0.266079,0.004280,-0.124542
5.782984,0.261799,0.266079,0.004280,-0.124542
5.793046,0.261799,0.266079,0.004280,-0.124542
5.803106,0.261799,0.266079,0.004280,-0.124542
5.813166,0.261799,0.266079,0.004280,-0.124542
5.823226,0.261799,0.266079,0.004280,-0.124542
5.833286,0.261799,0.266079,0.004280,-0.124542
5.843349,0.261799,0.266079,0.004280,-0.124542
5.853408,0.261799,0.266079,0.004280,-0.124542
5.863471,0.261799,0.266079,0.004280,-0.124542
5.873530,0.261799,0.266079,0.004280,-0.124542
5.883591,0.261799,0.266079,0.004280,-0.124542
5.893651,0.261799,0.266079,0.004280,-0.124542
5.903715,0.261799,0.266079,0.004280,-0.124542
5.913775,0.261799,0.266079,0.004280,-0.124542
5.923933,0.261799,0.266079,0.004280,-0.124542
5.933995,0.261799,0.266079,0.004280,-0.124542
5.944059,0.261799,0.266079,0.004280,-0.124542
5.954121,0.261799,0.266079,0.004280,-0.124542
5.964184,0.261799,0.266079,0.004280,-0.124542
5.974247,0.261799,0.266079,0.004280,-0.124542
5.984300,0.261799,0.266079,0.004280,-0.124542
5.994350,0.261799,0.266079,0.004280,-0.124542
6.004411,0.261799,0.266079,0.004280,-0.124542
6.014472,0.261799,0.266079,0.004280,-0.124542
6.024524,0.261799,0.266079,0.004280,-0.124542
6.034585,0.261799,0.266079,0.004280,-0.124542
6.044645,0.261799,0.266079,0.004280,-0.124542
6.054703,0.261799,0.266079,0.004280,-0.124542
6.064765,0.261799,0.266079,0.004280,-0.124542
6.074824,0.261799,0.266079,0.004280,-0.124542
6.084886,0.261799,0.266079,0.004280,-0.124542
6.094944,0.261799,0.266079,0.004280,-0.124542
6.105006,0.261799,0.266079,0.004280,-0.124542
6.115067,0.261799,0.266079,0.004280,-0.124542
6.125130,0.261799,0.266079,0.004280,-0.124542
6.135199,0.261799,0.266079,0.004280,-0.124542
6.145261,0.261799,0.266079,0.004280,-0.124542
6.155323,0.261799,0.266079,0.004280,-0.124542
6.165386,0.261799,0.266079,0.004280,-0.124542
6.175449,0.261799,0.266079,0.004280,-0.124542
6.185514,0.261799,0.266079,0.004280,-0.124542
6.195577,0.261799,0.266079,0.004280,-0.124542
6.205638,0.261799,0.266079,0.004280,-0.124542
6.215699,0.261799,0.266079,0.004280,-0.124542
6.225760,0.261799,0.266079,0.004280,-0.124542
6.235820,0.261799,0.266079,0.004280,-0.124542
6.245878,0.261799,0.266079,0.004280,-0.124542
6.255940,0.261799,0.266079,0.004280,-0.124542
6.265993,0.261799,0.266079,0.004280,-0.124542
6.276053,0.261799,0.266079,0.004280,-0.124542
6.286113,0.261799,0.266079,0.004280,-0.124542
6.296175,0.261799,0.266079,0.004280,-0.124542
6.306238,0.261799,0.266079,0.004280,-0.124542
6.316302,0.261799,0.266079,0.004280,-0.124542
6.326361,0.261799,0.266079,0.004280,-0.124542
6.336425,0.261799,0.266079,0.004280,-0.124542
6.346478,0.261799,0.266079,0.004280,-0.124542
6.356540,0.261799,0.266079,0.004280,-0.124542
6.366604,0.261799,0.266079,0.004280,-0.124542
6.376664,0.261799,0.266079,0.004280,-0.124542
6.386723,0.261799,0.266079,0.004280,-0.124542
6.396785,0.261799,0.266079,0.004280,-0.124542
6.406847,0.261799,0.266079,0.004280,-0.124542
6.416909,0.261799,0.266079,0.004280,-0.124542
6.426971,0.261799,0.266079,0.004280,-0.124542
6.437031,0.261799,0.266079,0.004280,-0.124542
6.447093,0.261799,0.266079,0.004280,-0.124542
6.457144,0.261799,0.266079,0.004280,-0.124542
6.467205,0.261799,0.266079,0.004280,-0.124542
6.477264,0.261799,0.266079,0.004280,-0.124542
6.487328,0.261799,0.266079,0.004280,-0.124542
6.497391,0.261799,0.266079,0.004280,-0.124542
6.507452,0.261799,0.266079,0.004280,-0.124542
6.517512,0.261799,0.266079,0.004280,-0.124542
6.527573,0.261799,0.266079,0.004280,-0.124542
6.537637,0.261799,0.266079,0.004280,-0.124542
6.547698,0.261799,0.266079,0.004280,-0.124542
6.557768,0.261799,0.266079,0.004280,-0.124542
6.567829,0.261799,0.266079,0.004280,-0.124542
6.577889,0.261799,0.266079,0.004280,-0.124542
6.587951,0.261799,0.266079,0.004280,-0.124542
6.598013,0.261799,0.266079,0.004280,-0.124542
6.608073,0.261799,0.266079,0.004280,-0.124542
6.618135,0.261799,0.266079,0.004280,-0.124542
6.628199,0.261799,0.266079,0.004280,-0.124542
6.638259,0.261799,0.266079,0.004280,-0.124542
6.648312,0.261799,0.266079,0.004280,-0.124542
6.658365,0.261799,0.266079,0.004280,-0.124542
6.668418,0.261799,0.266079,0.004280,-0.124542
6.678470,0.261799,0.266079,0.004280,-0.124542
6.688522,0.261799,0.266079,0.004280,-0.124542
6.698573,0.261799,0.266079,0.004280,-0.124542
6.708625,0.261799,0.266079,0.004280,-0.124542
6.718686,0.261799,0.266079,0.004280,-0.124542
6.728739,0.261799,0.266079,0.004280,-0.124542
6.738790,0.261799,0.266079,0.004280,-0.124542
6.748852,0.261799,0.266079,0.004280,-0.124542
6.758912,0.261799,0.266079,0.004280,-0.124542
6.768975,0.261799,0.266079,0.004280,-0.124542
6.779038,0.261799,0.266079,0.004280,-0.124542
6.789125,0.261799,0.266079,0.004280,-0.124542
6.799186,0.261799,0.266079,0.004280,-0.124542
6.809247,0.261799,0.266079,0.004280,-0.124542
6.819308,0.261799,0.266079,0.004280,-0.124542
6.829370,0.261799,0.266079,0.004280,-0.124542
6.839435,0.261799,0.266079,0.004280,-0.124542
6.849496,0.261799,0.266079,0.004280,-0.124542
6.859555,0.261799,0.266079,0.004280,-0.124542
6.869616,0.261799,0.266079,0.004280,-0.124542
6.879680,0.261799,0.266079,0.004280,-0.124542
6.889740,0.261799,0.266079,0.004280,-0.124542
6.899802,0.261799,0.266079,0.004280,-0.124542
6.909877,0.261799,0.266079,0.004280,-0.124542
6.919936,0.261799,0.266079,0.004280,-0.124542
6.929999,0.261799,0.266079,0.004280,-0.124542
6.940061,0.261799,0.266079,0.004280,-0.124542
6.950123,0.261799,0.266079,0.004280,-0.124542
6.960177,0.261799,0.266079,0.004280,-0.124542
6.970238,0.261799,0.266079,0.004280,-0.124542
6.980301,0.261799,0.266079,0.004280,-0.124542
6.990365,0.261799,0.266079,0.004280,-0.124542
7.000426,0.260015,0.266079,0.006064,-0.124542
7.010489,0.217862,0.266079,0.048217,-0.124542
7.020589,0.175558,0.266079,0.090521,-0.124542
7.030651,0.133407,0.266079,0.132672,-0.124542
7.040713,0.091262,0.266079,0.174818,-0.124542
7.050775,0.049113,0.266079,0.216966,-0.124542
7.060839,0.006959,0.266079,0.259121,-0.124542
7.070901,-0.035189,0.266079,0.301268,-0.124542
7.080962,-0.077332,0.266079,0.343411,-0.124542
7.091023,-0.119478,0.266079,0.385557,-0.124542
7.101086,-0.161628,0.090982,0.252609,0.231990
7.111149,-0.203782,0.090982,0.294764,0.231990
7.121211,-0.245926,0.090982,0.336908,0.231990
7.131274,-0.261799,0.090982,0.352781,0.231990
7.141336,-0.261799,0.090982,0.352781,0.231990
7.151398,-0.261799,0.090982,0.352781,0.231990
7.161462,-0.261799,0.090982,0.352781,0.231990
7.171515,-0.261799,0.090982,0.352781,0.231990
7.181578,-0.261799,0.090982,0.352781,0.231990
7.191631,-0.261799,0.090982,0.352781,0.231990
7.201694,-0.261799,0.090982,0.352781,0.231990
7.211756,-0.261799,0.090982,0.352781,0.231990
7.221818,-0.261799,0.090982,0.352781,0.231990
7.231882,-0.261799,0.090982,0.352781,0.231990
7.241943,-0.261799,0.090982,0.352781,0.231990
7.251995,-0.261799,0.090982,0.352781,0.231990
7.262059,-0.261799,0.090982,0.352781,0.231990
7.272113,-0.261799,0.090982,0.352781,0.231990
7.282176,-0.261799,0.090982,0.352781,0.231990
7.292240,-0.261799,0.090982,0.352781,0.231990
7.302304,-0.261799,-0.078775,0.183025,0.012210
7.312366,-0.261799,-0.078775,0.183025,0.012210
7.322427,-0.261799,-0.078775,0.183025,0.012210
7.332492,-0.261799,-0.078775,0.183025,0.012210
7.342557,-0.261799,-0.078775,0.183025,0.012210
7.352619,-0.261799,-0.078775,0.183025,0.012210
7.362682,-0.261799,-0.078775,0.183025,0.012210
7.372747,-0.261799,-0.263027,-0.001228,0.007326
7.382807,-0.261799,-0.262646,-0.000847,-0.002442
7.392871,-0.261799,-0.262646,-0.000847,-0.002442
7.402932,-0.261799,-0.262646,-0.000847,-0.002442
7.412995,-0.261799,-0.262646,-0.000847,-0.002442
7.423058,-0.261799,-0.262646,-0.000847,-0.002442
7.433123,-0.261799,-0.262646,-0.000847,-0.002442
7.443185,-0.261799,-0.262646,-0.000847,-0.002442
7.453247,-0.261799,-0.262646,-0.000847,-0.002442
7.463403,-0.261799,-0.262646,-0.000847,-0.002442
7.473456,-0.261799,-0.262646,-0.000847,-0.002442
7.483518,-0.261799,-0.262646,-0.000847,-0.002442
7.493581,-0.261799,-0.262646,-0.000847,-0.002442
7.503643,-0.261799,-0.262646,-0.000847,-0.002442
7.513705,-0.261799,-0.262646,-0.000847,-0.002442
7.523769,-0.261799,-0.262646,-0.000847,-0.002442
7.533835,-0.261799,-0.262646,-0.000847,-0.002442
7.543896,-0.261799,-0.262646,-0.000847,-0.002442
7.553959,-0.261799,-0.262646,-0.000847,-0.002442
7.564023,-0.261799,-0.262646,-0.000847,-0.002442
7.574084,-0.261799,-0.262646,-0.000847,-0.002442
7.584137,-0.261799,-0.262646,-0.000847,-0.002442
7.594198,-0.261799,-0.262646,-0.000847,-0.002442
7.604260,-0.261799,-0.262646,-0.000847,-0.002442
7.614321,-0.261799,-0.262646,-0.000847,-0.002442
7.624383,-0.261799,-0.262646,-0.000847,-0.002442
7.634447,-0.261799,-0.262646,-0.000847,-0.002442
7.644511,-0.261799,-0.262646,-0.000847,-0.002442
7.654572,-0.261799,-0.262646,-0.000847,-0.002442
7.664636,-0.261799,-0.262646,-0.000847,-0.002442
7.674698,-0.261799,-0.262646,-0.000847,-0.002442
7.684761,-0.261799,-0.262646,-0.000847,-0.002442
7.694825,-0.261799,-0.262646,-0.000847,0.002442
7.704888,-0.261799,-0.262646,-0.000847,0.002442
7.714951,-0.261799,-0.262646,-0.000847,0.002442
7.725014,-0.261799,-0.262646,-0.000847,0.002442
7.735078,-0.261799,-0.262646,-0.000847,0.002442
7.745142,-0.261799,-0.262646,-0.000847,0.002442
7.755205,-0.261799,-0.262646,-0.000847,0.002442
7.765265,-0.261799,-0.262646,-0.000847,0.002442
7.775327,-0.261799,-0.262646,-0.000847,0.007326
7.785381,-0.261799,-0.262646,-0.000847,0.007326
7.795442,-0.261799,-0.262646,-0.000847,0.007326
7.805504,-0.261799,-0.262646,-0.000847,0.007326
7.815557,-0.261799,-0.262646,-0.000847,0.007326
7.825620,-0.261799,-0.262646,-0.000847,-0.002442
7.835682,-0.261799,-0.262646,-0.000847,-0.002442
7.845742,-0.261799,-0.262646,-0.000847,-0.002442
7.855806,-0.261799,-0.262646,-0.000847,-0.002442
7.865867,-0.261799,-0.262646,-0.000847,-0.002442
7.875931,-0.261799,-0.262646,-0.000847,-0.002442
7.885992,-0.261799,-0.262646,-0.000847,0.007326
7.896056,-0.261799,-0.262646,-0.000847,0.007326
7.906109,-0.261799,-0.262646,-0.000847,0.007326
7.916169,-0.261799,-0.262646,-0.000847,0.007326
7.926231,-0.261799,-0.262646,-0.000847,0.007326
7.936293,-0.261799,-0.262646,-0.000847,0.007326
7.946354,-0.261799,-0.262646,-0.000847,0.007326
7.956419,-0.261799,-0.262646,-0.000847,0.007326
7.966480,-0.261799,-0.262646,-0.000847,-0.002442
7.976543,-0.261799,-0.262646,-0.000847,-0.002442
7.986597,-0.261799,-0.262646,-0.000847,-0.002442
7.996649,-0.261799,-0.262646,-0.000847,-0.002442
8.006701,-0.261799,-0.262646,-0.000847,-0.002442
8.016753,-0.261799,-0.262646,-0.000847,-0.002442
8.026807,-0.261799,-0.262646,-0.000847,-0.002442
8.036858,-0.261799,-0.262646,-0.000847,0.002442
8.046922,-0.261799,-0.262646,-0.000847,0.002442
8.056983,-0.261799,-0.262646,-0.000847,0.002442
8.067046,-0.261799,-0.262646,-0.000847,0.002442
8.077099,-0.261799,-0.262646,-0.000847,0.002442
8.087159,-0.261799,-0.262646,-0.000847,0.002442
8.097222,-0.261799,-0.262646,-0.000847,0.002442
8.107287,-0.261799,-0.262646,-0.000847,0.002442
8.117347,-0.261799,-0.262646,-0.000847,0.002442
8.127411,-0.261799,-0.262646,-0.000847,0.002442
8.137463,-0.261799,-0.262646,-0.000847,0.002442
8.147525,-0.261799,-0.262646,-0.000847,0.002442
8.157590,-0.261799,-0.262646,-0.000847,0.002442
8.167645,-0.261799,-0.262646,-0.000847,0.002442
8.177706,-0.261799,-0.262646,-0.000847,0.002442
8.187769,-0.261799,-0.262646,-0.000847,0.002442
8.197830,-0.261799,-0.262646,-0.000847,0.002442
8.207893,-0.261799,-0.262646,-0.000847,0.002442
8.217954,-0.261799,-0.262646,-0.000847,0.002442
8.228015,-0.261799,-0.262646,-0.000847,0.002442
8.238077,-0.261799,-0.262264,-0.000465,-0.002442
8.248138,-0.261799,-0.262264,-0.000465,-0.002442
8.258200,-0.261799,-0.262264,-0.000465,-0.002442
8.268255,-0.261799,-0.262264,-0.000465,-0.002442
8.278321,-0.261799,-0.262264,-0.000465,-0.002442
8.288382,-0.261799,-0.262264,-0.000465,-0.002442
8.298443,-0.261799,-0.262264,-0.000465,-0.002442
8.308507,-0.261799,-0.262264,-0.000465,-0.002442
8.318569,-0.261799,-0.262264,-0.000465,-0.002442
8.328628,-0.261799,-0.262264,-0.000465,-0.002442
8.338689,-0.261799,-0.262264,-0.000465,-0.002442
8.348748,-0.261799,-0.262264,-0.000465,-0.002442
8.358812,-0.261799,-0.262264,-0.000465,-0.002442
8.368876,-0.261799,-0.262264,-0.000465,-0.002442
8.378940,-0.261799,-0.262264,-0.000465,-0.002442
8.389001,-0.261799,-0.262264,-0.000465,-0.002442
8.399064,-0.261799,-0.262264,-0.000465,-0.002442
8.409133,-0.261799,-0.262264,-0.000465,-0.002442
8.419188,-0.261799,-0.262264,-0.000465,-0.002442
8.429251,-0.261799,-0.262264,-0.000465,-0.002442
8.439313,-0.261799,-0.262264,-0.000465,-0.002442
8.449376,-0.261799,-0.262264,-0.000465,-0.002442
8.459438,-0.261799,-0.262264,-0.000465,-0.002442
8.469500,-0.261799,-0.262264,-0.000465,-0.002442
8.479563,-0.261799,-0.262264,-0.000465,-0.002442
8.489627,-0.261799,-0.262264,-0.000465,-0.002442
8.499654,-0.261799,-0.262264,-0.000465,-0.002442
8.509714,-0.261799,-0.262264,-0.000465,-0.002442
8.519776,-0.261799,-0.262264,-0.000465,-0.002442
8.529837,-0.261799,-0.262264,-0.000465,-0.002442
8.539897,-0.261799,-0.262264,-0.000465,-0.002442
8.549957,-0.261799,-0.262264,-0.000465,-0.002442
8.560020,-0.261799,-0.262264,-0.000465,0.002442
8.570080,-0.261799,-0.262264,-0.000465,0.002442
8.580152,-0.261799,-0.262264,-0.000465,0.002442
8.590212,-0.261799,-0.262264,-0.000465,0.002442
8.600275,-0.261799,-0.262264,-0.000465,0.002442
8.610335,-0.261799,-0.262264,-0.000465,0.002442
8.620394,-0.261799,-0.262264,-0.000465,0.002442
8.630454,-0.261799,-0.262264,-0.000465,0.002442
8.640513,-0.261799,-0.262264,-0.000465,0.002442
8.650575,-0.261799,-0.262264,-0.000465,0.002442
8.660635,-0.261799,-0.262264,-0.000465,0.002442
8.670699,-0.261799,-0.262264,-0.000465,0.002442
8.680762,-0.261799,-0.262264,-0.000465,0.002442
8.690822,-0.261799,-0.262264,-0.000465,0.002442
8.700884,-0.261799,-0.262264,-0.000465,0.002442
8.710942,-0.261799,-0.262264,-0.000465,0.002442
8.721006,-0.261799,-0.262264,-0.000465,0.002442
8.731059,-0.261799,-0.262264,-0.000465,0.002442
8.741113,-0.261799,-0.262264,-0.000465,0.002442
8.751163,-0.261799,-0.262264,-0.000465,0.002442
8.761224,-0.261799,-0.262264,-0.000465,0.002442
8.771285,-0.261799,-0.262264,-0.000465,0.002442
8.781345,-0.261799,-0.262264,-0.000465,0.002442
8.791410,-0.261799,-0.262264,-0.000465,0.002442
8.801474,-0.261799,-0.262264,-0.000465,0.002442
8.811526,-0.261799,-0.262264,-0.000465,0.002442
8.821588,-0.261799,-0.262264,-0.000465,0.002442
8.831649,-0.261799,-0.262264,-0.000465,0.002442
8.841711,-0.261799,-0.262264,-0.000465,0.002442
8.851774,-0.261799,-0.262264,-0.000465,0.002442
8.861834,-0.261799,-0.262264,-0.000465,0.002442
8.871895,-0.261799,-0.262264,-0.000465,0.002442
8.881957,-0.261799,-0.262264,-0.000465,0.002442
8.892018,-0.261799,-0.262264,-0.000465,0.002442
8.902080,-0.261799,-0.262264,-0.000465,0.002442
8.912143,-0.261799,-0.262264,-0.000465,0.002442
8.922206,-0.261799,-0.262264,-0.000465,0.002442
8.932267,-0.261799,-0.262264,-0.000465,0.002442
8.942328,-0.261799,-0.262264,-0.000465,0.002442
8.952390,-0.261799,-0.262264,-0.000465,0.002442
8.962453,-0.261799,-0.262264,-0.000465,0.002442
8.972518,-0.261799,-0.262264,-0.000465,0.002442
8.982576,-0.261799,-0.262264,-0.000465,0.002442
8.992629,-0.261799,-0.262264,-0.000465,0.002442
9.002690,-0.250531,-0.262264,-0.011734,0.002442
9.012753,-0.208379,-0.262264,-0.053885,0.002442
9.022806,-0.166269,-0.262264,-0.095996,0.002442
9.032857,-0.124166,-0.262264,-0.138098,0.002442
9.043006,-0.081655,-0.262264,-0.180609,0.002442
9.053057,-0.039554,-0.262264,-0.222710,0.002442
9.063107,0.002544,-0.262264,-0.264808,0.002442
9.073159,0.044649,-0.262264,-0.306914,0.002442
9.083223,0.086806,-0.262264,-0.349070,0.002442
9.093284,0.128947,-0.262264,-0.391211,0.002442
9.103346,0.171094,-0.262264,-0.433358,0.002442
9.113399,0.213205,-0.262264,-0.475469,0.002442
9.123453,0.255321,-0.262264,-0.517586,0.002442
9.133503,0.261799,-0.262264,-0.524064,0.002442
9.143563,0.261799,-0.262264,-0.524064,0.002442
9.153625,0.261799,-0.262264,-0.524064,0.002442
9.163685,0.261799,-0.262264,-0.524064,0.002442
9.173737,0.261799,-0.262264,-0.524064,0.002442
9.183798,0.261799,-0.262264,-0.524064,0.002442
9.193851,0.261799,-0.262264,-0.524064,0.002442
9.203904,0.261799,-0.262264,-0.524064,0.002442
9.213955,0.261799,-0.262264,-0.524064,0.002442
9.224018,0.261799,-0.262264,-0.524064,0.002442
9.234078,0.261799,-0.262264,-0.524064,0.002442
9.244140,0.261799,-0.262264,-0.524064,0.002442
9.254193,0.261799,-0.262264,-0.524064,0.002442
9.264255,0.261799,-0.262264,-0.524064,0.002442
9.274307,0.261799,-0.262264,-0.524064,0.002442
9.284359,0.261799,-0.262264,-0.524064,0.002442
9.294417,0.261799,-0.262264,-0.524064,0.002442
9.304471,0.261799,-0.262264,-0.524064,0.002442
9.314523,0.261799,-0.262264,-0.524064,0.002442
9.324575,0.261799,0.269131,0.007332,-0.129426
9.334624,0.261799,0.269131,0.007332,-0.129426
9.344681,0.261799,0.269131,0.007332,-0.129426
9.354741,0.261799,0.269131,0.007332,-0.129426
9.364803,0.261799,0.269131,0.007332,-0.129426
9.374866,0.261799,0.269131,0.007332,-0.129426
9.384926,0.261799,0.269131,0.007332,-0.129426
9.394988,0.261799,0.266079,0.004280,-0.124542
9.405046,0.261799,0.266079,0.004280,-0.124542
9.415109,0.261799,0.266079,0.004280,-0.124542
9.425171,0.261799,0.266079,0.004280,-0.124542
9.435227,0.261799,0.266079,0.004280,-0.124542
9.445281,0.261799,0.266079,0.004280,-0.124542
9.455333,0.261799,0.266079,0.004280,-0.124542
9.465386,0.261799,0.266079,0.004280,-0.124542
9.475439,0.261799,0.266079,0.004280,-0.124542
9.485503,0.261799,0.266079,0.004280,-0.124542
9.495567,0.261799,0.266079,0.004280,-0.124542
9.505628,0.261799,0.266079,0.004280,-0.124542
9.515692,0.261799,0.266079,0.004280,-0.124542
9.525755,0.261799,0.266079,0.004280,-0.124542
9.535811,0.261799,0.266079,0.004280,-0.124542
9.545873,0.261799,0.266079,0.004280,-0.124542
9.555936,0.261799,0.266079,0.004280,-0.124542
9.565997,0.261799,0.266079,0.004280,-0.124542
9.576059,0.261799,0.266079,0.004280,-0.124542
9.586112,0.261799,0.266079,0.004280,-0.124542
9.596174,0.261799,0.266079,0.004280,-0.124542
9.606231,0.261799,0.266079,0.004280,-0.124542
9.616292,0.261799,0.266079,0.004280,-0.124542
9.626356,0.261799,0.266079,0.004280,-0.124542
9.636417,0.261799,0.266079,0.004280,-0.124542
9.646480,0.261799,0.266079,0.004280,-0.124542
9.656543,0.261799,0.266079,0.004280,-0.124542
9.666603,0.261799,0.266079,0.004280,-0.124542
9.676663,0.261799,0.266079,0.004280,-0.124542
9.686726,0.261799,0.266079,0.004280,-0.124542
9.696787,0.261799,0.266079,0.004280,-0.124542
9.706849,0.261799,0.266079,0.004280,-0.124542
9.716901,0.261799,0.266079,0.004280,-0.124542
9.726965,0.261799,0.266079,0.004280,-0.124542
9.737087,0.261799,0.266079,0.004280,-0.124542
9.747150,0.261799,0.266079,0.004280,-0.124542
9.757211,0.261799,0.266079,0.004280,-0.124542
9.767265,0.261799,0.266079,0.004280,-0.124542
9.777316,0.261799,0.266079,0.004280,-0.124542
9.787376,0.261799,0.266079,0.004280,-0.124542
9.797438,0.261799,0.266079,0.004280,-0.124542
9.807499,0.261799,0.266079,0.004280,-0.124542
9.817561,0.261799,0.266079,0.004280,-0.124542
9.827625,0.261799,0.266079,0.004280,-0.124542
9.837684,0.261799,0.266079,0.004280,-0.124542
9.847744,0.261799,0.266079,0.004280,-0.124542
9.857805,0.261799,0.266079,0.004280,-0.124542
9.867866,0.261799,0.266079,0.004280,-0.124542
9.877923,0.261799,0.266079,0.004280,-0.124542
9.887985,0.261799,0.266079,0.004280,-0.124542
9.898042,0.261799,0.266079,0.004280,-0.124542
9.908101,0.261799,0.266079,0.004280,-0.124542
9.918163,0.261799,0.266079,0.004280,-0.124542
9.928226,0.261799,0.266079,0.004280,-0.124542
9.938281,0.261799,0.266079,0.004280,-0.124542
9.948336,0.261799,0.266079,0.004280,-0.124542
9.958400,0.261799,0.266079,0.004280,-0.124542
9.968489,0.261799,0.266079,0.004280,-0.124542
9.978550,0.261799,0.266079,0.004280,-0.124542
9.988604,0.261799,0.266079,0.004280,-0.124542
9.998664,0.261799,0.266079,0.004280,-0.124542
10.008727,0.261799,0.266079,0.004280,-0.124542
10.018787,0.261799,0.266079,0.004280,-0.129426
10.028847,0.261799,0.266079,0.004280,-0.129426
10.038908,0.261799,0.266079,0.004280,-0.129426
10.048969,0.261799,0.266079,0.004280,-0.129426
10.059030,0.261799,0.266079,0.004280,-0.129426
10.069093,0.261799,0.266079,0.004280,-0.129426
10.079153,0.261799,0.266079,0.004280,-0.129426
10.089216,0.261799,0.266079,0.004280,-0.129426
10.099279,0.261799,0.266079,0.004280,-0.129426
10.109341,0.261799,0.266079,0.004280,-0.129426
10.119403,0.261799,0.266079,0.004280,-0.129426
10.129463,0.261799,0.266079,0.004280,-0.129426
10.139523,0.261799,0.266079,0.004280,-0.129426
10.149583,0.261799,0.266079,0.004280,-0.129426
10.159643,0.261799,0.266079,0.004280,-0.129426
10.169702,0.261799,0.266079,0.004280,-0.129426
10.179767,0.261799,0.266079,0.004280,-0.129426
10.189821,0.261799,0.266079,0.004280,-0.129426
10.199886,0.261799,0.266079,0.004280,-0.129426
10.209949,0.261799,0.266079,0.004280,-0.129426
10.220106,0.261799,0.266079,0.004280,-0.129426
10.230140,0.261799,0.266079,0.004280,-0.129426
10.240200,0.261799,0.266079,0.004280,-0.129426
10.250252,0.261799,0.266079,0.004280,-0.129426
10.260314,0.261799,0.266079,0.004280,-0.129426
10.270367,0.261799,0.266079,0.004280,-0.124542
10.280432,0.261799,0.266079,0.004280,-0.124542
10.290495,0.261799,0.266079,0.004280,-0.124542
10.300556,0.261799,0.266079,0.004280,-0.124542
10.310619,0.261799,0.266079,0.004280,-0.124542
10.320679,0.261799,0.266079,0.004280,-0.124542
10.330740,0.261799,0.266079,0.004280,-0.124542
10.340801,0.261799,0.266079,0.004280,-0.124542
10.350861,0.261799,0.266079,0.004280,-0.124542
10.360921,0.261799,0.266079,0.004280,-0.124542
10.370983,0.261799,0.266079,0.004280,-0.124542
10.381044,0.261799,0.266079,0.004280,-0.124542
10.391104,0.261799,0.266079,0.004280,-0.124542
10.401167,0.261799,0.266079,0.004280,-0.124542
10.411228,0.261799,0.266079,0.004280,-0.124542
10.421269,0.261799,0.266079,0.004280,-0.124542
10.431321,0.261799,0.266079,0.004280,-0.124542
10.441382,0.261799,0.266079,0.004280,-0.124542
10.451445,0.261799,0.266079,0.004280,-0.124542
10.461509,0.261799,0.266079,0.004280,-0.124542
10.471574,0.261799,0.266079,0.004280,-0.124542
10.481635,0.261799,0.266079,0.004280,-0.124542
10.491697,0.261799,0.266079,0.004280,-0.124542
10.501758,0.261799,0.266079,0.004280,-0.124542
10.511818,0.261799,0.266079,0.004280,-0.124542
10.521878,0.261799,0.266079,0.004280,-0.124542
10.531939,0.261799,0.266079,0.004280,-0.124542
10.541999,0.261799,0.266079,0.004280,-0.124542
10.552063,0.261799,0.266079,0.004280,-0.124542
10.562123,0.261799,0.266079,0.004280,-0.124542
10.572186,0.261799,0.266079,0.004280,-0.124542
10.582246,0.261799,0.266079,0.004280,-0.124542
10.592309,0.261799,0.266079,0.004280,-0.124542
10.602371,0.261799,0.266079,0.004280,-0.124542
10.612431,0.261799,0.266079,0.004280,-0.124542
10.622494,0.261799,0.266079,0.004280,-0.124542
10.632559,0.261799,0.266079,0.004280,-0.124542
10.642620,0.261799,0.266079,0.004280,-0.124542
10.652673,0.261799,0.266079,0.004280,-0.124542
10.662780,0.261799,0.266079,0.004280,-0.124542
10.672832,0.261799,0.266079,0.004280,-0.124542
10.682893,0.261799,0.266079,0.004280,-0.124542
10.692956,0.261799,0.266079,0.004280,-0.124542
10.703016,0.261799,0.266079,0.004280,-0.124542
10.713079,0.261799,0.266079,0.004280,-0.124542
10.723132,0.261799,0.266079,0.004280,-0.124542
10.733136,0.261799,0.266079,0.004280,-0.124542
10.743198,0.261799,0.266079,0.004280,-0.124542
10.753262,0.261799,0.266079,0.004280,-0.119658
10.763320,0.261799,0.266079,0.004280,-0.119658
10.773378,0.261799,0.266079,0.004280,-0.119658
10.783430,0.261799,0.266079,0.004280,-0.119658
10.793482,0.261799,0.266079,0.004280,-0.119658
10.803543,0.261799,0.266079,0.004280,-0.119658
10.813596,0.261799,0.266079,0.004280,-0.119658
10.823656,0.261799,0.266079,0.004280,-0.119658
10.833718,0.261799,0.266079,0.004280,-0.119658
10.843771,0.261799,0.266079,0.004280,-0.119658
10.853831,0.261799,0.266079,0.004280,-0.119658
10.863892,0.261799,0.266079,0.004280,-0.119658
10.873955,0.261799,0.266079,0.004280,-0.119658
10.884014,0.261799,0.266079,0.004280,-0.119658
10.894076,0.261799,0.266079,0.004280,-0.119658
10.904135,0.261799,0.266079,0.004280,-0.119658
10.914198,0.261799,0.266079,0.004280,-0.119658
10.924258,0.261799,0.266079,0.004280,-0.119658
10.934319,0.261799,0.266079,0.004280,-0.119658
10.944379,0.261799,0.266079,0.004280,-0.119658
10.954443,0.261799,0.266079,0.004280,-0.119658
10.964507,0.261799,0.266079,0.004280,-0.124542
10.974569,0.261799,0.266079,0.004280,-0.124542
10.984632,0.261799,0.266079,0.004280,-0.124542
10.994684,0.261799,0.266079,0.004280,-0.124542
11.004747,0.241917,0.266079,0.024162,-0.124542
11.014810,0.199763,0.266079,0.066317,-0.124542
11.024863,0.157652,0.266079,0.108427,-0.124542
11.034924,0.115510,0.266079,0.150569,-0.124542
11.044983,0.073375,0.266079,0.192704,-0.124542
11.055044,0.031234,0.266079,0.234846,-0.124542
11.065102,-0.010899,0.266079,0.276978,-0.124542
11.075165,-0.053050,0.266079,0.319129,-0.124542
11.085223,-0.095182,0.266079,0.361261,-0.124542
11.095286,-0.137334,0.266079,0.403413,-0.124542
11.105351,-0.179493,0.266079,0.445572,-0.124542
11.115411,-0.221633,0.266079,0.487712,-0.124542
11.125470,-0.261799,0.266079,0.527879,-0.124542
11.135531,-0.261799,0.266079,0.527879,-0.124542
11.145595,-0.261799,0.266079,0.527879,-0.124542
11.155655,-0.261799,0.266079,0.527879,-0.124542
11.165719,-0.261799,0.266079,0.527879,-0.124542
11.175783,-0.261799,0.266079,0.527879,-0.124542
11.185842,-0.261799,0.266079,0.527879,-0.124542
11.195895,-0.261799,0.266079,0.527879,-0.124542
11.205955,-0.261799,0.266079,0.527879,-0.124542
11.216018,-0.261799,0.266079,0.527879,-0.124542
11.226079,-0.261799,0.266079,0.527879,-0.124542
11.236140,-0.261799,0.266079,0.527879,-0.124542
11.246201,-0.261799,0.266079,0.527879,-0.124542
11.256253,-0.261799,0.266079,0.527879,-0.124542
11.266307,-0.261799,0.266079,0.527879,-0.124542
11.276368,-0.261799,0.266079,0.527879,-0.124542
11.286430,-0.261799,0.266079,0.527879,-0.124542
11.296491,-0.261799,0.266079,0.527879,-0.124542
11.306554,-0.261799,0.266079,0.527879,-0.124542
11.316613,-0.261799,0.266079,0.527879,-0.124542
11.326674,-0.261799,0.266079,0.527879,-0.124542
11.336736,-0.261799,0.266079,0.527879,-0.124542
11.346797,-0.261799,-0.271420,-0.009620,0.129426
11.356857,-0.261799,-0.271420,-0.009620,0.129426
11.366918,-0.261799,-0.271420,-0.009620,0.129426
11.376978,-0.261799,-0.271420,-0.009620,0.129426
11.387041,-0.261799,-0.267987,-0.006187,0.129426
11.397100,-0.261799,-0.267987,-0.006187,0.129426
11.407162,-0.261799,-0.267987,-0.006187,0.129426
11.417223,-0.261799,-0.267987,-0.006187,0.129426
11.427283,-0.261799,-0.267987,-0.006187,0.129426
11.437345,-0.261799,-0.267987,-0.006187,0.129426
11.447406,-0.261799,-0.267987,-0.006187,0.129426
11.457467,-0.261799,-0.267987,-0.006187,0.129426
11.467521,-0.261799,-0.267987,-0.006187,0.129426
11.477574,-0.261799,-0.267987,-0.006187,0.129426
11.487635,-0.261799,-0.267987,-0.006187,0.129426
11.497698,-0.261799,-0.267987,-0.006187,0.129426
11.507760,-0.261799,-0.267987,-0.006187,0.129426
11.517822,-0.261799,-0.267987,-0.006187,0.129426
11.527952,-0.261799,-0.267987,-0.006187,0.129426
11.538014,-0.261799,-0.267987,-0.006187,0.129426
11.548078,-0.261799,-0.267987,-0.006187,0.129426
11.558137,-0.261799,-0.267987,-0.006187,0.129426
11.568201,-0.261799,-0.267987,-0.006187,0.129426
11.578262,-0.261799,-0.267987,-0.006187,0.129426
11.588312,-0.261799,-0.267987,-0.006187,0.129426
11.598373,-0.261799,-0.264935,-0.003135,0.065934
11.608435,-0.261799,-0.264935,-0.003135,0.065934
11.618499,-0.261799,-0.264935,-0.003135,0.065934
11.628561,-0.261799,-0.264935,-0.003135,0.065934
11.638622,-0.261799,-0.264935,-0.003135,0.065934
11.648682,-0.261799,-0.264935,-0.003135,0.065934
11.658744,-0.261799,-0.264935,-0.003135,0.065934
11.668805,-0.261799,-0.264935,-0.003135,0.065934
11.678866,-0.261799,-0.264935,-0.003135,0.065934
11.688928,-0.261799,-0.264935,-0.003135,0.065934
11.698979,-0.261799,-0.264935,-0.003135,0.065934
11.709040,-0.261799,-0.264935,-0.003135,0.065934
11.719100,-0.261799,-0.264935,-0.003135,0.065934
11.729161,-0.261799,-0.264935,-0.003135,0.065934
11.739222,-0.261799,-0.264935,-0.003135,0.065934
11.749282,-0.261799,-0.264935,-0.003135,0.065934
11.759341,-0.261799,-0.264935,-0.003135,0.065934
11.769404,-0.261799,-0.264935,-0.003135,0.065934
11.779463,-0.261799,-0.264935,-0.003135,0.065934
11.789525,-0.261799,-0.264935,-0.003135,0.065934
11.799587,-0.261799,-0.264935,-0.003135,0.065934
11.809648,-0.261799,-0.264935,-0.003135,0.065934
11.819709,-0.261799,-0.264935,-0.003135,0.065934
11.829770,-0.261799,-0.264935,-0.003135,0.065934
11.839832,-0.261799,-0.264935,-0.003135,0.065934
11.849893,-0.261799,-0.264935,-0.003135,0.065934
11.859955,-0.261799,-0.264935,-0.003135,0.065934
11.870015,-0.261799,-0.264935,-0.003135,0.065934
11.880076,-0.261799,-0.264935,-0.003135,0.065934
11.890137,-0.261799,-0.264935,-0.003135,0.065934
11.900198,-0.261799,-0.264935,-0.003135,0.065934
11.910257,-0.261799,-0.264935,-0.003135,0.065934
11.920321,-0.261799,-0.264935,-0.003135,0.065934
11.930381,-0.261799,-0.264935,-0.003135,0.065934
11.940443,-0.261799,-0.264935,-0.003135,0.065934
11.950503,-0.261799,-0.264935,-0.003135,0.065934
11.960564,-0.261799,-0.264935,-0.003135,0.065934
11.970630,-0.261799,-0.264935,-0.003135,0.065934
11.980691,-0.261799,-0.264935,-0.003135,0.065934
11.990744,-0.261799,-0.264935,-0.003135,0.065934
12.000804,-0.261799,-0.264935,-0.003135,0.065934
12.010863,-0.261799,-0.264935,-0.003135,0.065934
12.020920,-0.261799,-0.264935,-0.003135,0.065934
12.030979,-0.261799,-0.264935,-0.003135,0.065934
12.041034,-0.261799,-0.264935,-0.003135,0.065934
12.051087,-0.261799,-0.264935,-0.003135,0.065934
12.061126,-0.261799,-0.264935,-0.003135,0.065934
12.071189,-0.261799,-0.264935,-0.003135,0.065934
12.081249,-0.261799,-0.264935,-0.003135,0.065934
12.091313,-0.261799,-0.264935,-0.003135,0.065934
12.101373,-0.261799,-0.264935,-0.003135,0.065934
12.111434,-0.261799,-0.264935,-0.003135,0.065934
12.121494,-0.261799,-0.264935,-0.003135,0.065934
12.131556,-0.261799,-0.264935,-0.003135,0.065934
12.141620,-0.261799,-0.264935,-0.003135,0.065934
12.151680,-0.261799,-0.264935,-0.003135,0.065934
12.161739,-0.261799,-0.264935,-0.003135,0.065934
12.171793,-0.261799,-0.264935,-0.003135,0.065934
12.181960,-0.261799,-0.264935,-0.003135,0.065934
12.192013,-0.261799,-0.264935,-0.003135,0.065934
12.202073,-0.261799,-0.264935,-0.003135,0.065934
12.212135,-0.261799,-0.264935,-0.003135,0.065934
12.222195,-0.261799,-0.264935,-0.003135,0.065934
12.232259,-0.261799,-0.264935,-0.003135,0.065934
12.242324,-0.261799,-0.264935,-0.003135,0.065934
12.252386,-0.261799,-0.264935,-0.003135,0.065934
12.262448,-0.261799,-0.264935,-0.003135,0.065934
12.272502,-0.261799,-0.264935,-0.003135,0.065934
12.282562,-0.261799,-0.264935,-0.003135,0.065934
12.292625,-0.261799,-0.264935,-0.003135,0.065934
12.302686,-0.261799,-0.264935,-0.003135,0.065934
12.312749,-0.261799,-0.264935,-0.003135,0.065934
12.322811,-0.261799,-0.264935,-0.003135,0.065934
12.332873,-0.261799,-0.264935,-0.003135,0.065934
12.342934,-0.261799,-0.264935,-0.003135,0.065934
12.352996,-0.261799,-0.264935,-0.003135,0.065934
12.363058,-0.261799,-0.264935,-0.003135,0.065934
12.373119,-0.261799,-0.264935,-0.003135,0.065934
12.383182,-0.261799,-0.264935,-0.003135,0.065934
12.393242,-0.261799,-0.264935,-0.003135,0.065934
12.403303,-0.261799,-0.264935,-0.003135,0.065934
12.413437,-0.261799,-0.264935,-0.003135,0.065934
12.423497,-0.261799,-0.264935,-0.003135,0.065934
12.433561,-0.261799,-0.264935,-0.003135,0.065934
12.443621,-0.261799,-0.264935,-0.003135,0.065934
12.453682,-0.261799,-0.264935,-0.003135,0.065934
12.463743,-0.261799,-0.264935,-0.003135,0.065934
12.473803,-0.261799,-0.264935,-0.003135,0.065934
12.483865,-0.261799,-0.264935,-0.003135,0.065934
12.493919,-0.261799,-0.264935,-0.003135,0.065934
12.503978,-0.261799,-0.264935,-0.003135,0.065934
12.514039,-0.261799,-0.264935,-0.003135,0.065934
12.524099,-0.261799,-0.264935,-0.003135,0.065934
12.534162,-0.261799,-0.264935,-0.003135,0.065934
12.544226,-0.261799,-0.264935,-0.003135,0.065934
12.554288,-0.261799,-0.264935,-0.003135,0.065934
12.564347,-0.261799,-0.264935,-0.003135,0.065934
12.574409,-0.261799,-0.264935,-0.003135,0.065934
12.584469,-0.261799,-0.264935,-0.003135,0.065934
12.594531,-0.261799,-0.264935,-0.003135,0.065934
12.604590,-0.261799,-0.264935,-0.003135,0.065934
12.614651,-0.261799,-0.264935,-0.003135,0.065934
12.624721,-0.261799,-0.264935,-0.003135,0.065934
12.634782,-0.261799,-0.264935,-0.003135,0.065934
12.644842,-0.261799,-0.264935,-0.003135,0.065934
12.654895,-0.261799,-0.264935,-0.003135,0.065934
12.664959,-0.261799,-0.264935,-0.003135,0.065934
12.675020,-0.261799,-0.264935,-0.003135,0.065934
12.685079,-0.261799,-0.264935,-0.003135,0.065934
12.695139,-0.261799,-0.264935,-0.003135,0.065934
12.705210,-0.261799,-0.264935,-0.003135,0.065934
12.715272,-0.261799,-0.264935,-0.003135,0.065934
12.725335,-0.261799,-0.264935,-0.003135,0.065934
12.735388,-0.261799,-0.264935,-0.003135,0.065934
12.745450,-0.261799,-0.264935,-0.003135,0.065934
12.755510,-0.261799,-0.264935,-0.003135,0.065934
12.765572,-0.261799,-0.264935,-0.003135,0.065934
12.775633,-0.261799,-0.264935,-0.003135,0.065934
12.785692,-0.261799,-0.264935,-0.003135,0.065934
12.795747,-0.261799,-0.264935,-0.003135,0.065934
12.805800,-0.261799,-0.264935,-0.003135,0.065934
12.815853,-0.261799,-0.264935,-0.003135,0.065934
12.825915,-0.261799,-0.264935,-0.003135,0.065934
12.835976,-0.261799,-0.264935,-0.003135,0.065934
12.846037,-0.261799,-0.264935,-0.003135,0.065934
12.856190,-0.261799,-0.264935,-0.003135,0.065934
12.866252,-0.261799,-0.264935,-0.003135,0.065934
12.876312,-0.261799,-0.264935,-0.003135,0.065934
12.886375,-0.261799,-0.264935,-0.003135,0.065934
12.896438,-0.261799,-0.264935,-0.003135,0.065934
12.906498,-0.261799,-0.264935,-0.003135,0.065934
12.916561,-0.261799,-0.264935,-0.003135,0.065934
12.926622,-0.261799,-0.264935,-0.003135,0.065934
12.936684,-0.261799,-0.264935,-0.003135,0.065934
12.946743,-0.261799,-0.264935,-0.003135,0.065934
12.956807,-0.261799,-0.264935,-0.003135,0.065934
12.966866,-0.261799,-0.264935,-0.003135,0.065934
12.976928,-0.261799,-0.264935,-0.003135,0.065934
12.986994,-0.261799,-0.264935,-0.003135,0.065934
12.997048,-0.261799,-0.264935,-0.003135,0.065934
13.007100,-0.261799,-0.264935,-0.003135,0.065934
13.017163,-0.261799,-0.264935,-0.003135,0.065934
13.027227,-0.261799,-0.264935,-0.003135,0.065934
13.037289,-0.261799,-0.264935,-0.003135,0.065934
13.047351,-0.261799,-0.264935,-0.003135,0.065934
13.057416,-0.261799,-0.264935,-0.003135,0.065934
13.067480,-0.261799,-0.264935,-0.003135,0.065934
13.077543,-0.261799,-0.264935,-0.003135,0.065934
13.087611,-0.261799,-0.264935,-0.003135,0.065934
13.097667,-0.261799,-0.264935,-0.003135,0.065934
13.107728,-0.261799,-0.264935,-0.003135,0.065934
13.117792,-0.261799,-0.264935,-0.003135,0.065934
13.127854,-0.261799,-0.264935,-0.003135,0.065934
13.137917,-0.261799,-0.264935,-0.003135,0.065934
13.147978,-0.261799,-0.264935,-0.003135,0.065934
13.158039,-0.261799,-0.264935,-0.003135,0.065934
13.168100,-0.261799,-0.264935,-0.003135,0.065934
13.178163,-0.261799,-0.264935,-0.003135,0.065934
13.188226,-0.261799,-0.264935,-0.003135,0.065934
13.198286,-0.261799,-0.264935,-0.003135,0.065934
13.208349,-0.261799,-0.264935,-0.003135,0.065934
13.218410,-0.261799,-0.264935,-0.003135,0.065934
13.228473,-0.261799,-0.264935,-0.003135,0.065934
13.238536,-0.261799,-0.264935,-0.003135,0.065934
13.248600,-0.261799,-0.264935,-0.003135,0.065934
13.258653,-0.261799,-0.264935,-0.003135,0.065934
13.268705,-0.261799,-0.264935,-0.003135,0.065934
13.278766,-0.261799,-0.264935,-0.003135,0.065934
13.288829,-0.261799,-0.264935,-0.003135,0.065934
13.298890,-0.261799,-0.264935,-0.003135,0.065934
13.308952,-0.261799,-0.264935,-0.003135,0.065934
13.319015,-0.261799,-0.264935,-0.003135,0.065934
13.329079,-0.261799,-0.264935,-0.003135,0.065934
13.339140,-0.261799,-0.264935,-0.003135,0.065934
13.349204,-0.261799,-0.264935,-0.003135,0.065934
13.359268,-0.261799,-0.264935,-0.003135,0.065934
13.369332,-0.261799,-0.264935,-0.003135,0.065934
13.379387,-0.261799,-0.264935,-0.003135,0.065934
13.389441,-0.261799,-0.264935,-0.003135,0.065934
13.399504,-0.261799,-0.264935,-0.003135,0.065934
13.409548,-0.261799,-0.264935,-0.003135,0.065934
13.419612,-0.261799,-0.264935,-0.003135,0.065934
13.429677,-0.261799,-0.264935,-0.003135,0.065934
13.439741,-0.261799,-0.264935,-0.003135,0.065934
13.449804,-0.261799,-0.264935,-0.003135,0.065934
13.459868,-0.261799,-0.264935,-0.003135,0.065934
13.469927,-0.261799,-0.264935,-0.003135,0.061050
13.479991,-0.261799,-0.264935,-0.003135,0.061050
13.490055,-0.261799,-0.264935,-0.003135,0.065934
13.500117,-0.261799,-0.264935,-0.003135,0.065934
13.510128,-0.261799,-0.264935,-0.003135,0.065934
13.520136,-0.261799,-0.264935,-0.003135,0.065934
13.530188,-0.261799,-0.264935,-0.003135,0.065934
13.540240,-0.261799,-0.264935,-0.003135,0.065934
13.550302,-0.261799,-0.264935,-0.003135,0.065934
13.560366,-0.261799,-0.264935,-0.003135,0.065934
13.570430,-0.261799,-0.264935,-0.003135,0.065934
13.580492,-0.261799,-0.264935,-0.003135,0.065934
13.590555,-0.261799,-0.264935,-0.003135,0.065934
13.600619,-0.261799,-0.264935,-0.003135,0.065934
13.610679,-0.261799,-0.264935,-0.003135,0.065934
13.620739,-0.261799,-0.264935,-0.003135,0.065934
13.630799,-0.261799,-0.264935,-0.003135,0.065934
13.640861,-0.261799,-0.264935,-0.003135,0.065934
13.650914,-0.261799,-0.264935,-0.003135,0.065934
13.660975,-0.261799,-0.264935,-0.003135,0.065934
13.671035,-0.261799,-0.264935,-0.003135,0.065934
13.681095,-0.261799,-0.264935,-0.003135,0.065934
13.691157,-0.261799,-0.264935,-0.003135,0.065934
13.701218,-0.261799,-0.264935,-0.003135,0.065934
13.711280,-0.261799,-0.264935,-0.003135,0.065934
13.721341,-0.261799,-0.264935,-0.003135,0.065934
13.731406,-0.261799,-0.264935,-0.003135,0.065934
13.741472,-0.261799,-0.264935,-0.003135,0.065934
13.751534,-0.261799,-0.264935,-0.003135,0.065934
13.761597,-0.261799,-0.264935,-0.003135,0.065934
13.771661,-0.261799,-0.264935,-0.003135,0.065934
13.781722,-0.261799,-0.264935,-0.003135,0.065934
13.791786,-0.261799,-0.264935,-0.003135,0.065934
13.801850,-0.261799,-0.264935,-0.003135,0.065934
13.811869,-0.261799,-0.264935,-0.003135,0.065934
13.821923,-0.261799,-0.264935,-0.003135,0.065934
13.831987,-0.261799,-0.264935,-0.003135,0.061050
13.842048,-0.261799,-0.264935,-0.003135,0.061050
13.852112,-0.261799,-0.264935,-0.003135,0.061050
13.862176,-0.261799,-0.264935,-0.003135,0.061050
13.872241,-0.261799,-0.264935,-0.003135,0.061050
13.882306,-0.261799,-0.264935,-0.003135,0.061050
13.892368,-0.261799,-0.264935,-0.003135,0.061050
13.902431,-0.261799,-0.264935,-0.003135,0.061050
13.912493,-0.261799,-0.264935,-0.003135,0.065934
13.922556,-0.261799,-0.264935,-0.003135,0.065934
13.932620,-0.261799,-0.264935,-0.003135,0.065934
13.942684,-0.261799,-0.264935,-0.003135,0.065934
13.952746,-0.261799,-0.264935,-0.003135,0.065934
13.962809,-0.261799,-0.264935,-0.003135,0.065934
13.972974,-0.261799,-0.264935,-0.003135,0.065934
13.983039,-0.261799,-0.264935,-0.003135,0.065934
13.993092,-0.261799,-0.264935,-0.003135,0.065934
14.003154,-0.261799,-0.264935,-0.003135,0.065934
14.013206,-0.261799,-0.264935,-0.003135,0.065934
14.023268,-0.261799,-0.264935,-0.003135,0.065934
14.033329,-0.261799,-0.264935,-0.003135,0.065934
14.043390,-0.261799,-0.264935,-0.003135,0.065934
14.053452,-0.261799,-0.264935,-0.003135,0.065934
14.063513,-0.261799,-0.264935,-0.003135,0.065934
14.073576,-0.261799,-0.264935,-0.003135,0.065934
14.083640,-0.261799,-0.264935,-0.003135,0.065934
14.093701,-0.261799,-0.264935,-0.003135,0.065934
14.103765,-0.261799,-0.264935,-0.003135,0.065934
14.113829,-0.261799,-0.264935,-0.003135,0.065934
14.123894,-0.261799,-0.264935,-0.003135,0.065934
14.133956,-0.261799,-0.264935,-0.003135,0.065934
14.144019,-0.261799,-0.264935,-0.003135,0.065934
14.154083,-0.261799,-0.264935,-0.003135,0.065934
14.164145,-0.261799,-0.264935,-0.003135,0.065934
14.174207,-0.261799,-0.264935,-0.003135,0.065934
14.184269,-0.261799,-0.264935,-0.003135,0.065934
14.194322,-0.261799,-0.264935,-0.003135,0.065934
14.204384,-0.261799,-0.264935,-0.003135,0.065934
14.214448,-0.261799,-0.264935,-0.003135,0.065934
14.224510,-0.261799,-0.264935,-0.003135,0.065934
14.234573,-0.261799,-0.264935,-0.003135,0.065934
14.244635,-0.261799,-0.264935,-0.003135,0.065934
14.254689,-0.261799,-0.264935,-0.003135,0.065934
14.264751,-0.261799,-0.264935,-0.003135,0.065934
14.274815,-0.261799,-0.264935,-0.003135,0.065934
14.284880,-0.261799,-0.264935,-0.003135,0.065934
14.294942,-0.261799,-0.264935,-0.003135,0.065934
14.305005,-0.261799,-0.264935,-0.003135,0.065934
14.315069,-0.261799,-0.264935,-0.003135,0.065934
14.325137,-0.261799,-0.264935,-0.003135,0.065934
14.335202,-0.261799,-0.264935,-0.003135,0.065934
14.345268,-0.261799,-0.264935,-0.003135,0.065934
14.355329,-0.261799,-0.264935,-0.003135,0.065934
14.365382,-0.261799,-0.264935,-0.003135,0.065934
14.375434,-0.261799,-0.264935,-0.003135,0.065934
14.385496,-0.261799,-0.264935,-0.003135,0.065934
14.395559,-0.261799,-0.264935,-0.003135,0.065934
14.405623,-0.261799,-0.264935,-0.003135,0.065934
14.415685,-0.261799,-0.264935,-0.003135,0.065934
14.425748,-0.261799,-0.264935,-0.003135,0.065934
14.435810,-0.261799,-0.264935,-0.003135,0.065934
14.445873,-0.261799,-0.264935,-0.003135,0.065934
14.455970,-0.261799,-0.264935,-0.003135,0.065934
14.466023,-0.261799,-0.264935,-0.003135,0.065934
14.476076,-0.261799,-0.264935,-0.003135,0.065934
14.486139,-0.261799,-0.264935,-0.003135,0.065934
14.496200,-0.261799,-0.264935,-0.003135,0.065934
