t,ex,ey,ez,e_pos,e_ang
0.000000,0.001447,-0.000068,-0.012388,0.012472,0.061730
0.010058,0.001447,-0.000068,-0.012388,0.012472,0.061730
0.020110,0.001447,-0.000068,-0.012388,0.012472,0.061730
0.030165,0.001447,-0.000068,-0.012388,0.012472,0.061730
0.040217,0.001447,-0.000068,-0.012388,0.012472,0.061730
0.050270,0.001447,-0.000068,-0.012388,0.012472,0.061730
0.060323,0.001447,-0.000068,-0.012388,0.012472,0.061730
0.070374,0.001444,-0.000076,-0.012388,0.012472,0.061782
0.080426,0.001447,-0.000068,-0.012388,0.012472,0.061730
0.090478,0.001444,-0.000076,-0.012388,0.012472,0.061782
0.100530,0.001444,-0.000076,-0.012388,0.012472,0.061782
0.110583,0.001444,-0.000076,-0.012388,0.012472,0.061782
0.120636,0.001447,-0.000068,-0.012388,0.012472,0.061730
0.130693,0.001447,-0.000068,-0.012388,0.012472,0.061730
0.140756,0.001447,-0.000068,-0.012388,0.012472,0.061730
0.150820,0.001447,-0.000068,-0.012388,0.012472,0.061730
0.160883,0.001447,-0.000068,-0.012388,0.012472,0.061730
0.170936,0.001447,-0.000068,-0.012388,0.012472,0.061730
0.180988,0.001447,-0.000068,-0.012388,0.012472,0.061730
0.191040,0.001444,-0.000076,-0.012388,0.012472,0.061782
0.201094,0.001447,-0.000068,-0.012388,0.012472,0.061730
0.211145,0.001447,-0.000068,-0.012388,0.012472,0.061730
0.221199,0.001447,-0.000068,-0.012388,0.012472,0.061730
0.231251,0.001447,-0.000068,-0.012388,0.012472,0.061730
0.241303,0.001382,-0.000045,-0.012338,0.012415,0.061364
0.251355,0.001382,-0.000045,-0.012338,0.012415,0.061364
0.261421,0.001382,-0.000045,-0.012338,0.012415,0.061364
0.271484,0.001379,-0.000053,-0.012338,0.012415,0.061416
0.281549,0.001379,-0.000053,-0.012344,0.012421,0.061416
0.291602,0.001382,-0.000045,-0.012356,0.012433,0.061364
0.301711,0.001382,-0.000045,-0.012368,0.012445,0.061364
0.311765,0.001379,-0.000053,-0.012382,0.012459,0.061416
0.321819,0.001382,-0.000045,-0.012396,0.012473,0.061364
0.331836,0.001379,-0.000053,-0.012411,0.012488,0.061416
0.341901,0.001383,-0.000045,-0.012427,0.012504,0.061364
0.351965,0.001383,-0.000045,-0.012445,0.012521,0.061364
0.362030,0.001380,-0.000053,-0.012463,0.012539,0.061416
0.372092,0.001383,-0.000045,-0.012482,0.012558,0.061364
0.382148,0.001380,-0.000053,-0.012503,0.012579,0.061416
0.392203,0.001383,-0.000045,-0.012523,0.012600,0.061364
0.402256,0.001383,-0.000045,-0.012546,0.012622,0.061364
0.412309,0.001380,-0.000053,-0.012569,0.012645,0.061416
0.422362,0.001383,-0.000045,-0.012594,0.012670,0.061364
0.432425,0.001384,-0.000045,-0.012620,0.012695,0.061364
0.442487,0.001381,-0.000053,-0.012647,0.012722,0.061416
0.452542,0.001384,-0.000045,-0.012675,0.012751,0.061364
0.462602,0.001381,-0.000053,-0.012705,0.012780,0.061416
0.472665,0.001385,-0.000045,-0.012736,0.012811,0.061364
0.482727,0.001385,-0.000045,-0.012768,0.012843,0.061364
0.492787,0.001320,-0.000021,-0.012752,0.012820,0.060998
0.502842,0.001321,-0.000021,-0.012786,0.012855,0.060998
0.512895,0.001321,-0.000021,-0.012823,0.012891,0.060998
0.522958,0.001322,-0.000021,-0.012860,0.012928,0.060998
0.533152,0.001257,0.000002,-0.012849,0.012911,0.060633
0.543215,0.001258,0.000002,-0.012890,0.012951,0.060633
0.553336,0.001194,0.000025,-0.012882,0.012937,0.060268
0.563391,0.001194,0.000025,-0.012925,0.012981,0.060268
0.573455,0.001192,0.000017,-0.012970,0.013025,0.060321
0.583507,0.001196,0.000025,-0.013018,0.013073,0.060268
0.593565,0.001197,0.000025,-0.013066,0.013120,0.060268
0.603620,0.001198,0.000025,-0.013115,0.013170,0.060268
0.613679,0.001200,0.000025,-0.013167,0.013222,0.060268
0.623744,0.001201,0.000025,-0.013221,0.013275,0.060268
0.633809,0.001202,0.000025,-0.013275,0.013329,0.060268
0.643873,0.001204,0.000025,-0.013332,0.013386,0.060268
0.653938,0.001192,0.000021,-0.013258,0.013311,0.059957
0.664001,0.001197,0.000029,-0.013318,0.013371,0.059903
0.674064,0.001199,0.000029,-0.013379,0.013433,0.059903
0.684128,0.001201,0.000029,-0.013443,0.013496,0.059903
0.694193,0.001189,0.000025,-0.013376,0.013428,0.059593
0.704262,0.001184,0.000037,-0.013311,0.013364,0.059174
0.714326,0.001175,0.000041,-0.013247,0.013299,0.058810
0.724390,0.001156,0.000049,-0.013053,0.013105,0.058082
0.734455,0.001148,0.000053,-0.012994,0.013045,0.057719
0.744518,0.001129,0.000061,-0.012804,0.012854,0.056993
0.754579,0.001121,0.000065,-0.012748,0.012797,0.056630
0.764633,0.001113,0.000069,-0.012694,0.012743,0.056267
0.774687,0.001106,0.000073,-0.012642,0.012691,0.055905
0.784749,0.001087,0.000081,-0.012460,0.012507,0.055181
0.794813,0.001080,0.000086,-0.012413,0.012460,0.054820
0.804878,0.001008,0.000113,-0.012317,0.012358,0.054097
0.814941,0.001013,0.000113,-0.012406,0.012448,0.054097
0.825000,0.001010,0.000109,-0.012458,0.012499,0.053796
0.835061,0.001004,0.000113,-0.012421,0.012462,0.053436
0.845122,0.001014,0.000122,-0.012518,0.012559,0.053376
0.855185,0.001009,0.000126,-0.012485,0.012526,0.053016
0.865245,0.001016,0.000126,-0.012586,0.012628,0.053016
0.875307,0.001024,0.000126,-0.012690,0.012732,0.053016
0.885371,0.001021,0.000130,-0.012664,0.012706,0.052656
0.895430,0.001030,0.000130,-0.012772,0.012814,0.052656
0.905492,0.001039,0.000130,-0.012883,0.012925,0.052656
0.915556,0.001037,0.000135,-0.012862,0.012905,0.052297
0.925618,0.001035,0.000139,-0.012845,0.012888,0.051938
0.935681,0.001034,0.000143,-0.012830,0.012873,0.051579
0.945740,0.001033,0.000147,-0.012818,0.012860,0.051220
0.955804,0.001033,0.000152,-0.012807,0.012849,0.050862
0.965867,0.001034,0.000156,-0.012799,0.012841,0.050504
0.975932,0.001035,0.000161,-0.012793,0.012835,0.050147
0.985994,0.001036,0.000165,-0.012789,0.012832,0.049790
0.996056,0.001014,0.000178,-0.012523,0.012565,0.048720
1.006119,0.001014,0.000174,-0.012524,0.012566,0.048430
1.016185,0.001020,0.000187,-0.012527,0.012570,0.048009
1.026250,0.001037,0.000187,-0.012666,0.012710,0.048009
1.036311,0.001017,0.000201,-0.012409,0.012452,0.046946
1.046374,0.001010,0.000210,-0.012288,0.012331,0.046239
1.056438,0.001004,0.000219,-0.012168,0.012212,0.045534
1.066499,0.001011,0.000224,-0.012184,0.012228,0.045183
1.076562,0.000987,0.000179,-0.012070,0.012111,0.044579
1.086625,0.000996,0.000184,-0.012090,0.012133,0.044230
1.096687,0.000993,0.000193,-0.011981,0.012023,0.043532
1.106749,0.000990,0.000202,-0.011874,0.011917,0.042837
1.116810,0.001002,0.000207,-0.011902,0.011946,0.042491
1.126873,0.001015,0.000212,-0.011932,0.011977,0.042145
1.136936,0.001015,0.000222,-0.011833,0.011878,0.041454
1.146989,0.001030,0.000226,-0.011868,0.011915,0.041110
1.157042,0.001033,0.000236,-0.011773,0.011821,0.040424
1.167102,0.001050,0.000241,-0.011814,0.011863,0.040082
1.177163,0.001068,0.000246,-0.011856,0.011907,0.039741
1.187224,0.001088,0.000251,-0.011902,0.011954,0.039400
1.197284,0.001109,0.000256,-0.011949,0.012003,0.039060
1.207347,0.001131,0.000261,-0.012000,0.012056,0.038721
1.217409,0.001154,0.000266,-0.012052,0.012110,0.038383
1.227469,0.001165,0.000276,-0.011975,0.012035,0.037708
1.237531,0.001191,0.000281,-0.012032,0.012094,0.037372
1.247592,0.001199,0.000232,-0.012093,0.012154,0.037160
1.257652,0.001236,0.000234,-0.012191,0.012255,0.037160
1.267712,0.001253,0.000244,-0.012123,0.012190,0.036496
1.277775,0.001271,0.000254,-0.012058,0.012128,0.035835
1.287836,0.001290,0.000265,-0.011996,0.012068,0.035178
1.297899,0.001326,0.000270,-0.012069,0.012144,0.034851
1.307954,0.001348,0.000280,-0.012011,0.012090,0.034201
1.318017,0.001387,0.000285,-0.012088,0.012171,0.033878
1.328077,0.001413,0.000296,-0.012036,0.012122,0.033235
1.338142,0.001387,0.000326,-0.012068,0.012151,0.032597
1.348209,0.001401,0.000342,-0.011888,0.011976,0.031651
1.358270,0.001447,0.000347,-0.011974,0.012067,0.031338
1.368332,0.001480,0.000358,-0.011931,0.012028,0.030718
1.378397,0.001500,0.000374,-0.011758,0.011860,0.029800
1.388450,0.001545,0.000382,-0.011756,0.011864,0.029498
1.398512,0.001616,0.000382,-0.011925,0.012040,0.029800
1.408565,0.001666,0.000389,-0.011866,0.011989,0.029800
1.418626,0.001708,0.000400,-0.011835,0.011964,0.029197
1.428694,0.001762,0.000408,-0.011842,0.011979,0.028898
1.438748,0.001826,0.000414,-0.011887,0.012033,0.028898
1.448811,0.001876,0.000425,-0.011802,0.011958,0.028602
1.458847,0.001920,0.000439,-0.011683,0.011848,0.028014
1.468903,0.001990,0.000444,-0.011735,0.011911,0.028014
1.478963,0.002044,0.000396,-0.011789,0.011971,0.028183
1.489026,0.002103,0.000407,-0.011713,0.011907,0.027894
1.499088,0.002177,0.000424,-0.011675,0.011884,0.027772
1.509141,0.002265,0.000427,-0.011771,0.011994,0.028062
1.519202,0.002269,0.000461,-0.011687,0.011915,0.027772
1.529262,0.002371,0.000461,-0.011884,0.012127,0.028062
1.539326,0.002451,0.000469,-0.011854,0.012114,0.028062
1.549387,0.002542,0.000475,-0.011921,0.012198,0.028062
1.559452,0.002619,0.000487,-0.011859,0.012154,0.027772
1.569514,0.002696,0.000440,-0.011930,0.012239,0.027722
1.579575,0.002770,0.000455,-0.011776,0.012106,0.027434
1.589628,0.002880,0.000458,-0.011947,0.012297,0.027434
1.599677,0.002968,0.000471,-0.011891,0.012265,0.027148
1.609741,0.003076,0.000477,-0.011970,0.012368,0.027148
1.619806,0.003190,0.000492,-0.011990,0.012417,0.027310
1.629866,0.003304,0.000498,-0.012072,0.012526,0.027310
1.639919,0.003447,0.000496,-0.012263,0.012748,0.027972
1.649983,0.003558,0.000506,-0.012252,0.012768,0.027972
1.660045,0.003693,0.000518,-0.012314,0.012866,0.028456
1.670107,0.003771,0.000533,-0.012521,0.013087,0.028871
1.680167,0.003893,0.000492,-0.012586,0.013184,0.029324
1.690217,0.004035,0.000496,-0.012712,0.013346,0.029633
1.700277,0.004153,0.000510,-0.012612,0.013288,0.029633
1.710340,0.004310,0.000511,-0.012777,0.013494,0.030255
1.720403,0.004471,0.000512,-0.012943,0.013702,0.030698
1.730463,0.004614,0.000460,-0.013050,0.013849,0.031802
1.740513,0.004763,0.000468,-0.013086,0.013933,0.031947
1.750573,0.004826,0.000458,-0.013014,0.013888,0.032308
1.760636,0.004982,0.000406,-0.013185,0.014100,0.033101
1.770701,0.005131,0.000367,-0.013200,0.014167,0.033953
1.780762,0.005294,0.000316,-0.013371,0.014385,0.034753
1.790818,0.005377,0.000234,-0.013531,0.014562,0.035543
1.800881,0.005528,0.000130,-0.013703,0.014777,0.036499
1.810940,0.005634,-0.000017,-0.013649,0.014766,0.037136
1.821003,0.005807,-0.000056,-0.013786,0.014959,0.037495
1.831067,0.005870,-0.000165,-0.013756,0.014957,0.038369
1.841131,0.005928,-0.000280,-0.013751,0.014977,0.038569
1.851194,0.006027,-0.000449,-0.014021,0.015268,0.040460
1.861256,0.006089,-0.000631,-0.014147,0.015415,0.041300
1.871315,0.006060,-0.000749,-0.013997,0.015271,0.041227
1.881376,0.006181,-0.000829,-0.014219,0.015526,0.041758
1.891436,0.006136,-0.000845,-0.014152,0.015448,0.041796
1.901497,0.006127,-0.000812,-0.014182,0.015470,0.041522
1.911562,0.006198,-0.000808,-0.014236,0.015548,0.042345
1.921622,0.006297,-0.000812,-0.014482,0.015813,0.043036
1.931684,0.006344,-0.000735,-0.014620,0.015954,0.043549
1.941749,0.006407,-0.000773,-0.014696,0.016051,0.043758
1.951813,0.006418,-0.000700,-0.014630,0.015991,0.042856
1.961845,0.006425,-0.000684,-0.014657,0.016018,0.042277
1.971900,0.006347,-0.000604,-0.014447,0.015791,0.040824
1.981952,0.006447,-0.000609,-0.014558,0.015933,0.040816
1.992032,0.006465,-0.000601,-0.014562,0.015944,0.040406
2.002084,0.006579,-0.000588,-0.014672,0.016090,0.040325
2.012136,0.006632,-0.000658,-0.014614,0.016061,0.039778
2.022189,0.006473,-0.000646,-0.014448,0.015845,0.038237
2.032241,0.006498,-0.000650,-0.014471,0.015876,0.037708
2.042294,0.006477,-0.000518,-0.014351,0.015754,0.037034
2.052346,0.006641,-0.000532,-0.014299,0.015775,0.036680
2.062399,0.006727,-0.000387,-0.014261,0.015773,0.036927
2.072450,0.006937,-0.000327,-0.014242,0.015845,0.037041
2.082499,0.006976,-0.000188,-0.013939,0.015588,0.036267
2.092551,0.007144,-0.000127,-0.014037,0.015751,0.036609
2.102603,0.007023,0.000000,-0.013673,0.015371,0.035479
2.112655,0.007107,0.000117,-0.013591,0.015337,0.035157
2.122706,0.007181,0.000221,-0.013448,0.015247,0.034881
2.132756,0.007321,0.000242,-0.013408,0.015279,0.034699
2.142806,0.007315,0.000274,-0.013346,0.015221,0.034428
2.152830,0.007394,0.000266,-0.013387,0.015295,0.034095
2.162881,0.007256,0.000239,-0.013144,0.015015,0.032959
2.172932,0.007377,0.000171,-0.013096,0.015031,0.032705
2.182985,0.007287,0.000084,-0.012800,0.014729,0.032128
2.193036,0.007428,-0.000045,-0.012913,0.014897,0.032642
2.203088,0.007517,-0.000265,-0.012930,0.014959,0.033138
2.213140,0.007571,-0.000363,-0.012920,0.014979,0.032780
2.223191,0.007448,-0.000396,-0.012664,0.014697,0.031967
2.233243,0.007377,-0.000380,-0.012557,0.014569,0.030876
2.243321,0.007307,-0.000409,-0.012499,0.014484,0.031235
2.253373,0.007464,-0.000528,-0.012559,0.014619,0.031722
2.263425,0.007671,-0.000609,-0.012745,0.014888,0.032518
2.273436,0.007718,-0.000839,-0.012825,0.014992,0.033605
2.283485,0.007757,-0.000835,-0.012786,0.014978,0.033325
2.293538,0.007827,-0.000925,-0.012693,0.014941,0.033234
2.303591,0.007916,-0.000891,-0.012776,0.015056,0.033313
2.313644,0.007871,-0.000966,-0.012790,0.015049,0.034084
2.323695,0.007921,-0.000909,-0.012642,0.014946,0.033825
2.333746,0.007809,-0.000940,-0.012605,0.014858,0.034179
2.343795,0.007946,-0.000962,-0.012588,0.014917,0.034303
2.353839,0.008048,-0.001114,-0.012639,0.015025,0.035238
2.363888,0.008350,-0.001239,-0.012795,0.015328,0.035942
2.373940,0.008296,-0.001223,-0.012548,0.015092,0.034457
2.383988,0.008323,-0.001158,-0.012521,0.015080,0.033482
2.394038,0.008242,-0.001124,-0.012426,0.014953,0.032754
2.404089,0.008250,-0.001035,-0.012261,0.014814,0.031322
2.414139,0.008122,-0.000925,-0.012152,0.014646,0.030277
2.424190,0.008302,-0.000967,-0.012231,0.014814,0.030355
2.434240,0.008299,-0.000996,-0.012200,0.014789,0.030619
2.444290,0.008475,-0.000976,-0.012140,0.014838,0.030783
2.454342,0.008230,-0.000754,-0.011679,0.014307,0.029384
2.464394,0.008360,-0.000732,-0.011695,0.014394,0.029406
2.474446,0.008350,-0.000635,-0.011387,0.014135,0.029139
2.484495,0.008557,-0.000662,-0.011435,0.014298,0.029377
2.494560,0.008453,-0.000644,-0.011168,0.014021,0.028474
2.504612,0.008566,-0.000615,-0.011072,0.014012,0.028438
2.514663,0.008743,-0.000720,-0.011104,0.014151,0.028710
2.524714,0.008629,-0.000753,-0.010859,0.013890,0.028236
2.534763,0.008719,-0.000769,-0.010711,0.013832,0.027855
2.544818,0.008577,-0.000834,-0.010672,0.013716,0.027970
2.554879,0.008711,-0.000822,-0.010605,0.013749,0.027727
2.564932,0.008691,-0.000919,-0.010473,0.013641,0.027970
2.574981,0.008691,-0.001022,-0.010392,0.013585,0.027933
2.585033,0.009074,-0.001030,-0.010353,0.013805,0.027699
2.595087,0.009229,-0.001021,-0.010331,0.013891,0.028005
2.605151,0.009031,-0.001103,-0.010092,0.013588,0.027680
2.615212,0.009099,-0.001079,-0.010019,0.013578,0.027524
2.625273,0.009137,-0.001241,-0.010143,0.013707,0.028492
2.635340,0.009210,-0.001184,-0.010023,0.013664,0.027883
2.645400,0.009094,-0.001180,-0.009929,0.013516,0.027870
2.655463,0.009152,-0.001152,-0.009799,0.013457,0.027619
2.665522,0.009051,-0.001199,-0.009823,0.013411,0.028393
2.675584,0.009151,-0.001155,-0.009772,0.013438,0.028411
2.685645,0.009073,-0.001130,-0.009710,0.013337,0.028257
2.695707,0.009119,-0.001123,-0.009519,0.013229,0.027389
2.705767,0.009039,-0.001131,-0.009481,0.013148,0.027333
2.715820,0.009011,-0.001081,-0.009239,0.012951,0.026184
2.725831,0.008979,-0.001160,-0.009192,0.012902,0.026223
2.735881,0.009181,-0.001216,-0.009052,0.012950,0.026347
2.745944,0.008941,-0.001240,-0.008791,0.012600,0.025516
2.756006,0.009006,-0.001249,-0.008655,0.012553,0.025051
2.766071,0.008955,-0.001347,-0.008586,0.012479,0.025201
2.776125,0.009004,-0.001303,-0.008349,0.012348,0.024703
2.786184,0.009003,-0.001240,-0.008159,0.012214,0.023818
2.796248,0.008951,-0.001307,-0.008037,0.012100,0.023831
2.806308,0.009018,-0.001307,-0.007909,0.012066,0.023938
2.816360,0.008914,-0.001287,-0.007777,0.011899,0.024421
2.826410,0.009075,-0.001285,-0.007672,0.011953,0.024965
2.836462,0.008837,-0.001255,-0.007364,0.011572,0.024295
2.846526,0.008816,-0.001235,-0.007175,0.011434,0.023833
2.856588,0.008725,-0.001213,-0.007054,0.011285,0.023843
2.866649,0.008776,-0.001223,-0.006851,0.011201,0.023251
2.876709,0.008644,-0.001262,-0.006681,0.010998,0.022738
2.886770,0.008715,-0.001259,-0.006539,0.010968,0.022828
2.896831,0.008565,-0.001291,-0.006323,0.010724,0.022615
2.906892,0.008636,-0.001275,-0.006170,0.010690,0.022777
2.916956,0.008469,-0.001350,-0.005979,0.010454,0.022795
2.927015,0.008599,-0.001385,-0.005849,0.010492,0.023298
2.937082,0.008395,-0.001328,-0.005653,0.010208,0.023390
2.947144,0.008377,-0.001240,-0.005410,0.010049,0.023305
2.957208,0.008287,-0.001288,-0.005198,0.009867,0.023445
2.967271,0.008242,-0.001238,-0.004944,0.009691,0.023222
2.977331,0.008111,-0.001186,-0.004725,0.009461,0.023625
2.987391,0.008198,-0.001246,-0.004525,0.009446,0.023418
2.997451,0.007984,-0.001179,-0.004298,0.009144,0.023007
3.007511,0.007940,-0.001107,-0.004022,0.008969,0.022378
3.017571,0.007798,-0.001042,-0.003745,0.008713,0.021907
3.027632,0.007781,-0.001074,-0.003454,0.008581,0.020860
3.037696,0.007588,-0.001058,-0.003133,0.008277,0.019754
3.047755,0.007594,-0.001003,-0.002798,0.008155,0.018774
3.057818,0.007334,-0.000906,-0.002438,0.007782,0.017584
3.067877,0.007251,-0.000836,-0.002098,0.007595,0.016889
3.077938,0.007311,-0.000851,-0.001816,0.007581,0.016755
3.087998,0.007198,-0.000805,-0.001508,0.007398,0.017144
3.098058,0.007169,-0.000769,-0.001149,0.007301,0.016569
3.108120,0.006787,-0.000655,-0.000701,0.006855,0.015013
3.118182,0.006773,-0.000603,-0.000369,0.006810,0.014372
3.128245,0.006471,-0.000534,0.000022,0.006493,0.012754
3.138309,0.006429,-0.000504,0.000401,0.006461,0.011634
3.148363,0.006188,-0.000463,0.000804,0.006257,0.010574
3.158416,0.006084,-0.000336,0.001217,0.006213,0.010797
3.168484,0.005814,-0.000296,0.001662,0.006055,0.010363
3.178546,0.005750,-0.000252,0.002054,0.006112,0.010098
3.188610,0.005463,-0.000162,0.002374,0.005959,0.010958
3.198671,0.005473,-0.000131,0.002741,0.006122,0.011419
3.208731,0.005112,0.000004,0.003258,0.006062,0.012925
3.218792,0.005007,0.000143,0.003636,0.006190,0.014476
3.228855,0.004746,0.000320,0.004163,0.006321,0.017271
3.238914,0.004717,0.000358,0.004616,0.006610,0.018536
3.248977,0.004441,0.000407,0.005033,0.006724,0.019787
3.259040,0.004408,0.000513,0.005399,0.006989,0.020732
3.269100,0.004038,0.000672,0.005974,0.007242,0.022232
3.279162,0.003863,0.000800,0.006462,0.007571,0.023403
3.289222,0.003601,0.000821,0.006949,0.007869,0.025024
3.299284,0.003590,0.000893,0.007350,0.008229,0.025732
3.309337,0.003192,0.001024,0.007859,0.008544,0.027628
3.319398,0.003109,0.001097,0.008204,0.008841,0.028771
3.329459,0.002829,0.001277,0.008647,0.009187,0.030086
3.339519,0.002713,0.001408,0.009078,0.009579,0.031259
3.349658,0.002407,0.001545,0.009491,0.009913,0.032369
3.359711,0.002381,0.001589,0.009815,0.010224,0.033239
3.369763,0.002269,0.001811,0.010156,0.010562,0.034281
3.379815,0.001943,0.001964,0.010460,0.010819,0.036120
3.389867,0.001876,0.002036,0.010732,0.011083,0.037178
3.399927,0.001690,0.002165,0.010932,0.011271,0.038262
3.409980,0.001563,0.002314,0.011231,0.011573,0.039359
3.420042,0.001408,0.002282,0.011200,0.011516,0.039437
3.430103,0.001358,0.002306,0.011359,0.011670,0.039882
3.440156,0.001108,0.002420,0.011467,0.011772,0.040686
3.450208,0.001033,0.002525,0.011746,0.012059,0.041502
3.460262,0.000935,0.002482,0.011686,0.011983,0.041555
3.470314,0.000989,0.002457,0.011699,0.011995,0.041366
3.480366,0.000840,0.002531,0.011657,0.011958,0.041689
3.490417,0.000808,0.002599,0.011910,0.012217,0.042120
3.500478,0.000717,0.002602,0.011849,0.012152,0.041515
3.510528,0.000783,0.002581,0.011796,0.012101,0.040441
3.520589,0.000733,0.002547,0.011620,0.011918,0.039584
3.530649,0.000751,0.002535,0.011859,0.012150,0.039209
3.540708,0.000595,0.002566,0.011797,0.012088,0.038165
3.550768,0.000684,0.002491,0.011630,0.011914,0.036218
3.560839,0.000656,0.002351,0.011437,0.011694,0.034797
3.570892,0.000642,0.002352,0.011545,0.011799,0.034446
3.580946,0.000507,0.002294,0.011459,0.011698,0.034057
3.590999,0.000573,0.002210,0.011293,0.011522,0.032483
3.601052,0.000550,0.002112,0.011095,0.011307,0.031764
3.611114,0.000496,0.002114,0.011234,0.011442,0.032158
3.621177,0.000408,0.002083,0.011055,0.011257,0.031571
3.631241,0.000511,0.001966,0.010896,0.011083,0.030440
3.641295,0.000549,0.001894,0.010924,0.011101,0.030256
3.651348,0.000583,0.001771,0.010698,0.010859,0.029563
3.661402,0.000548,0.001743,0.010710,0.010865,0.029574
3.671453,0.000473,0.001777,0.010521,0.010681,0.028984
3.681505,0.000567,0.001708,0.010387,0.010542,0.028012
3.691555,0.000618,0.001650,0.010149,0.010301,0.027006
3.701605,0.000673,0.001644,0.010128,0.010283,0.026435
3.711655,0.000643,0.001637,0.009906,0.010061,0.026423
3.721706,0.000652,0.001626,0.009785,0.009940,0.026178
3.731758,0.000660,0.001623,0.009659,0.009817,0.026121
3.741812,0.000695,0.001591,0.009638,0.009794,0.025916
3.751873,0.000727,0.001548,0.009301,0.009457,0.025014
3.761936,0.000691,0.001557,0.009300,0.009455,0.024726
3.771998,0.000592,0.001615,0.009320,0.009477,0.024744
3.782059,0.000655,0.001534,0.009173,0.009324,0.023721
3.792122,0.000662,0.001431,0.008927,0.009065,0.023117
3.802185,0.000565,0.001462,0.009038,0.009173,0.023007
3.812236,0.000377,0.001467,0.008949,0.009077,0.023501
3.822297,0.000370,0.001409,0.008912,0.009031,0.023168
3.832357,0.000416,0.001248,0.008631,0.008731,0.022365
3.842418,0.000382,0.001253,0.008708,0.008806,0.022651
3.852478,0.000258,0.001318,0.008705,0.008808,0.023034
3.862541,0.000255,0.001283,0.008656,0.008754,0.023041
3.872599,0.000236,0.001273,0.008504,0.008602,0.022655
3.882660,0.000258,0.001235,0.008547,0.008639,0.022667
3.892725,0.000160,0.001227,0.008508,0.008598,0.022861
3.902786,0.000150,0.001207,0.008444,0.008531,0.022654
3.912848,0.000146,0.001155,0.008476,0.008555,0.022777
3.922908,0.000035,0.001169,0.008330,0.008412,0.023153
3.932969,0.000025,0.001116,0.008355,0.008430,0.023341
3.943030,-0.000057,0.001050,0.008182,0.008249,0.024062
3.953091,-0.000091,0.001060,0.008320,0.008388,0.024045
3.963151,-0.000160,0.001016,0.008138,0.008203,0.024591
3.973212,-0.000219,0.001034,0.008172,0.008240,0.024834
3.983272,-0.000217,0.000996,0.007862,0.007928,0.024645
3.993289,-0.000205,0.000989,0.007865,0.007930,0.024417
4.003340,-0.000207,0.001006,0.007765,0.007833,0.023944
4.013392,-0.000249,0.001062,0.007784,0.007860,0.023435
4.023443,-0.000178,0.001007,0.007440,0.007510,0.022274
4.033494,-0.000228,0.001054,0.007459,0.007536,0.022274
4.043548,-0.000281,0.001102,0.007478,0.007564,0.022274
4.053600,-0.000268,0.001078,0.007573,0.007654,0.022056
4.063652,-0.000288,0.001085,0.007471,0.007555,0.021577
4.073703,-0.000207,0.000982,0.007325,0.007394,0.020967
4.083755,-0.000183,0.000925,0.007202,0.007264,0.020853
4.093806,-0.000232,0.000956,0.007319,0.007385,0.020853
4.103857,-0.000295,0.001011,0.007336,0.007411,0.020586
4.113909,-0.000312,0.001002,0.007331,0.007406,0.020403
4.123961,-0.000257,0.000915,0.007085,0.007149,0.019889
4.134012,-0.000279,0.000906,0.007080,0.007144,0.019729
4.144064,-0.000354,0.000951,0.007097,0.007170,0.019729
4.154116,-0.000418,0.000982,0.007212,0.007291,0.019729
4.164223,-0.000460,0.000988,0.007108,0.007191,0.019576
4.174275,-0.000492,0.000978,0.007102,0.007186,0.019429
4.184326,-0.000438,0.000875,0.006952,0.007021,0.019026
4.194378,-0.000423,0.000812,0.006923,0.006983,0.018792
4.204430,-0.000535,0.000881,0.007157,0.007231,0.018906
4.214482,-0.000520,0.000855,0.007029,0.007100,0.018342
4.224534,-0.000462,0.000738,0.006976,0.007030,0.018061
4.234585,-0.000435,0.000650,0.006725,0.006771,0.017849
4.244637,-0.000520,0.000680,0.006837,0.006890,0.017849
4.254688,-0.000537,0.000623,0.006707,0.006758,0.018049
4.264740,-0.000507,0.000513,0.006555,0.006594,0.018266
4.274792,-0.000576,0.000518,0.006445,0.006492,0.018252
4.284845,-0.000615,0.000532,0.006434,0.006485,0.017888
4.294897,-0.000602,0.000445,0.006179,0.006224,0.017919
4.304948,-0.000664,0.000435,0.006167,0.006217,0.017946
4.315000,-0.000678,0.000333,0.006094,0.006141,0.017780
4.325052,-0.000783,0.000361,0.006201,0.006261,0.017959
4.335104,-0.000819,0.000313,0.006064,0.006127,0.018094
4.345158,-0.000929,0.000342,0.006170,0.006249,0.018094
4.355211,-0.000869,0.000218,0.005889,0.005957,0.018406
4.365264,-0.000912,0.000169,0.005750,0.005824,0.018632
4.375317,-0.000980,0.000166,0.005734,0.005819,0.018996
4.385369,-0.001051,0.000142,0.005814,0.005910,0.019125
4.395422,-0.001081,0.000118,0.005672,0.005776,0.019202
4.405476,-0.001040,-0.000042,0.005486,0.005584,0.020101
4.415529,-0.001031,-0.000127,0.005321,0.005422,0.020582
4.425580,-0.001062,-0.000202,0.005375,0.005483,0.020960
4.435633,-0.001144,-0.000226,0.005451,0.005574,0.021156
4.445684,-0.001165,-0.000286,0.005504,0.005633,0.021523
4.455736,-0.001136,-0.000444,0.005312,0.005451,0.022648
4.465788,-0.001080,-0.000647,0.004999,0.005155,0.024359
4.475832,-0.001162,-0.000672,0.005074,0.005248,0.025058
4.485883,-0.001109,-0.000797,0.004881,0.005068,0.026245
4.495936,-0.001237,-0.000754,0.004975,0.005182,0.026212
4.505987,-0.001227,-0.000783,0.004703,0.004923,0.026629
4.516039,-0.001284,-0.000844,0.004652,0.004899,0.027618
4.526090,-0.001329,-0.000829,0.004402,0.004672,0.028051
4.536141,-0.001421,-0.000845,0.004470,0.004766,0.028541
4.546200,-0.001436,-0.000888,0.004192,0.004520,0.029053
4.556255,-0.001539,-0.000874,0.004157,0.004518,0.029073
4.566308,-0.001543,-0.000922,0.003976,0.004363,0.029432
4.576360,-0.001552,-0.000977,0.003793,0.004214,0.030044
4.586412,-0.001618,-0.000907,0.003754,0.004187,0.029479
4.596464,-0.001633,-0.000871,0.003727,0.004161,0.029120
4.606516,-0.001644,-0.000841,0.003664,0.004103,0.029120
4.616568,-0.001661,-0.000840,0.003697,0.004139,0.029225
4.626619,-0.001653,-0.000777,0.003631,0.004064,0.029084
4.636671,-0.001694,-0.000800,0.003662,0.004113,0.029445
4.646723,-0.001635,-0.000861,0.003448,0.003912,0.030525
4.656775,-0.001681,-0.000883,0.003477,0.003961,0.030995
4.666829,-0.001668,-0.000901,0.003418,0.003909,0.031392
4.676880,-0.001711,-0.000907,0.003481,0.003984,0.031548
4.686934,-0.001772,-0.000909,0.003614,0.004127,0.031063
4.696986,-0.001715,-0.000922,0.003502,0.004007,0.031213
4.707049,-0.001726,-0.000933,0.003510,0.004021,0.030932
4.717112,-0.001689,-0.000938,0.003427,0.003934,0.030566
4.727176,-0.001715,-0.000947,0.003428,0.003949,0.030344
4.737238,-0.001713,-0.000908,0.003465,0.003970,0.029654
4.747301,-0.001838,-0.000866,0.003575,0.004112,0.029130
4.757364,-0.001804,-0.000806,0.003537,0.004052,0.029269
4.767417,-0.001843,-0.000775,0.003587,0.004107,0.029530
4.777469,-0.001796,-0.000766,0.003460,0.003973,0.029782
4.787521,-0.001805,-0.000746,0.003456,0.003970,0.029753
4.797572,-0.001843,-0.000655,0.003474,0.003987,0.029338
4.807624,-0.001920,-0.000650,0.003553,0.004091,0.029337
4.817676,-0.001909,-0.000610,0.003509,0.004041,0.029715
4.827728,-0.001954,-0.000561,0.003586,0.004122,0.029696
4.837780,-0.001919,-0.000548,0.003489,0.004020,0.029474
4.847832,-0.002007,-0.000550,0.003602,0.004160,0.028795
4.857884,-0.002030,-0.000528,0.003625,0.004188,0.028159
4.867936,-0.002078,-0.000561,0.003575,0.004173,0.028345
4.877988,-0.002203,-0.000499,0.003709,0.004343,0.027276
4.888039,-0.002245,-0.000552,0.003755,0.004410,0.027502
4.898092,-0.002236,-0.000521,0.003704,0.004358,0.027640
4.908145,-0.002350,-0.000554,0.003811,0.004511,0.027310
4.918198,-0.002411,-0.000594,0.003830,0.004565,0.027285
4.928250,-0.002512,-0.000607,0.003895,0.004675,0.027636
4.938316,-0.002568,-0.000598,0.003943,0.004743,0.027359
4.948378,-0.002669,-0.000580,0.004037,0.004874,0.027138
4.958508,-0.002686,-0.000508,0.004041,0.004878,0.026420
4.968571,-0.002750,-0.000503,0.004006,0.004885,0.026318
4.978630,-0.002820,-0.000507,0.003970,0.004896,0.026346
4.988685,-0.002852,-0.000434,0.003966,0.004904,0.025430
4.998738,-0.002946,-0.000372,0.004047,0.005020,0.024717
5.008790,-0.002944,-0.000321,0.003914,0.004909,0.024256
5.018844,-0.003008,-0.000288,0.003868,0.004908,0.023943
5.028895,-0.002965,-0.000188,0.003696,0.004741,0.024125
5.038947,-0.003088,-0.000083,0.003895,0.004971,0.023285
5.049009,-0.003118,0.000005,0.003843,0.004949,0.023415
5.059072,-0.003163,0.000060,0.003753,0.004909,0.024021
5.069137,-0.003150,0.000130,0.003744,0.004895,0.024051
5.079199,-0.003205,0.000170,0.003652,0.004862,0.024645
5.089262,-0.003253,0.000237,0.003633,0.004882,0.024184
5.099325,-0.003355,0.000283,0.003664,0.004976,0.024059
5.109394,-0.003358,0.000309,0.003615,0.004944,0.023963
5.119459,-0.003474,0.000355,0.003679,0.005072,0.023365
5.129520,-0.003418,0.000263,0.003480,0.004885,0.023577
5.139582,-0.003527,0.000289,0.003508,0.004983,0.022937
5.149645,-0.003543,0.000214,0.003369,0.004893,0.022893
5.159709,-0.003739,0.000236,0.003587,0.005187,0.022106
5.169770,-0.003725,0.000179,0.003504,0.005117,0.022890
5.179833,-0.003848,0.000160,0.003584,0.005261,0.023556
5.189890,-0.003816,0.000109,0.003424,0.005128,0.025307
5.199943,-0.003917,0.000159,0.003533,0.005277,0.025131
5.209994,-0.003946,0.000170,0.003426,0.005228,0.025459
5.220046,-0.004040,0.000179,0.003440,0.005309,0.025481
5.230098,-0.004089,0.000218,0.003396,0.005320,0.024649
5.240150,-0.004188,0.000219,0.003368,0.005379,0.024827
5.250201,-0.004335,0.000336,0.003491,0.005576,0.024383
5.260251,-0.004354,0.000468,0.003495,0.005603,0.024176
5.270303,-0.004395,0.000476,0.003338,0.005539,0.024767
5.280353,-0.004357,0.000508,0.003186,0.005422,0.025717
5.290404,-0.004401,0.000518,0.003194,0.005462,0.025679
5.300454,-0.004395,0.000554,0.003146,0.005433,0.025137
5.310505,-0.004507,0.000651,0.003302,0.005625,0.024783
5.320558,-0.004452,0.000638,0.003226,0.005535,0.024539
5.330609,-0.004548,0.000645,0.003352,0.005687,0.024134
5.340661,-0.004492,0.000566,0.003300,0.005602,0.024611
5.350712,-0.004539,0.000547,0.003262,0.005617,0.025095
5.360763,-0.004442,0.000516,0.003339,0.005581,0.025827
5.370815,-0.004460,0.000442,0.003268,0.005547,0.026498
5.380867,-0.004400,0.000352,0.003148,0.005421,0.026879
5.390919,-0.004460,0.000331,0.003230,0.005516,0.026707
5.400970,-0.004452,0.000304,0.003166,0.005471,0.026267
5.411022,-0.004489,0.000265,0.003152,0.005492,0.025829
5.421075,-0.004326,0.000233,0.002954,0.005244,0.026357
5.431127,-0.004339,0.000187,0.002996,0.005277,0.026179
5.441179,-0.004307,0.000188,0.003017,0.005262,0.025385
5.451231,-0.004359,0.000217,0.003119,0.005364,0.024581
5.461282,-0.004285,0.000232,0.003043,0.005261,0.023608
5.471334,-0.004277,0.000173,0.002984,0.005218,0.023543
5.481386,-0.004194,0.000228,0.002938,0.005126,0.022142
5.491438,-0.004273,0.000222,0.003030,0.005243,0.021470
5.501567,-0.004204,0.000245,0.002943,0.005138,0.020764
5.511619,-0.004234,0.000249,0.002902,0.005139,0.020299
5.521671,-0.004279,0.000244,0.002895,0.005172,0.019662
5.531722,-0.004154,0.000220,0.002738,0.004980,0.019325
5.541777,-0.004231,0.000218,0.002819,0.005089,0.018116
5.551831,-0.004224,0.000182,0.002815,0.005079,0.017011
5.561886,-0.004321,0.000128,0.002856,0.005181,0.016661
5.571938,-0.004255,0.000133,0.002909,0.005156,0.016751
5.581991,-0.004282,0.000086,0.002914,0.005180,0.017210
5.592043,-0.004274,0.000051,0.003015,0.005231,0.017413
5.602095,-0.004339,0.000074,0.003042,0.005300,0.017059
5.612147,-0.004401,0.000096,0.003236,0.005464,0.015864
5.622199,-0.004427,0.000079,0.003227,0.005479,0.015556
5.632251,-0.004370,0.000006,0.003226,0.005432,0.015176
5.642304,-0.004474,0.000055,0.003368,0.005601,0.014228
5.652376,-0.004426,0.000137,0.003293,0.005519,0.013770
5.662430,-0.004538,0.000170,0.003431,0.005692,0.013169
5.672482,-0.004475,0.000233,0.003449,0.005655,0.013254
5.682534,-0.004450,0.000252,0.003293,0.005542,0.014661
5.692588,-0.004461,0.000310,0.003336,0.005579,0.014686
5.702640,-0.004454,0.000312,0.003212,0.005500,0.015456
5.712689,-0.004453,0.000389,0.003251,0.005527,0.015520
5.722738,-0.004455,0.000378,0.003312,0.005564,0.015953
5.732787,-0.004398,0.000364,0.003186,0.005443,0.016397
5.742838,-0.004494,0.000415,0.003268,0.005572,0.016663
5.752891,-0.004502,0.000425,0.003394,0.005654,0.015930
5.762940,-0.004505,0.000340,0.003317,0.005604,0.015865
5.772991,-0.004490,0.000337,0.003329,0.005600,0.016276
5.783045,-0.004521,0.000348,0.003352,0.005639,0.014840
5.793097,-0.004633,0.000258,0.003428,0.005769,0.014076
5.803149,-0.004574,0.000204,0.003417,0.005713,0.013912
5.813201,-0.004618,0.000139,0.003490,0.005790,0.013992
5.823253,-0.004584,0.000067,0.003509,0.005773,0.014305
5.833305,-0.004620,0.000056,0.003442,0.005762,0.015078
5.843357,-0.004528,0.000003,0.003456,0.005696,0.015089
5.853409,-0.004591,-0.000006,0.003454,0.005745,0.014733
5.863469,-0.004618,-0.000005,0.003522,0.005808,0.013247
5.873529,-0.004661,-0.000030,0.003383,0.005759,0.012936
5.883591,-0.004509,-0.000079,0.003122,0.005485,0.012747
5.893654,-0.004558,-0.000042,0.003105,0.005515,0.012329
5.903715,-0.004528,0.000033,0.003090,0.005482,0.012095
5.913768,-0.004579,0.000043,0.003033,0.005492,0.012147
5.923818,-0.004383,0.000047,0.002913,0.005263,0.013318
5.933870,-0.004447,0.000086,0.002944,0.005333,0.014010
5.943920,-0.004329,0.000103,0.002908,0.005216,0.015659
5.953971,-0.004304,0.000072,0.002902,0.005192,0.016241
5.964026,-0.004242,0.000135,0.002929,0.005157,0.017686
5.974076,-0.004335,0.000223,0.002946,0.005246,0.018332
5.984126,-0.004193,0.000192,0.002937,0.005123,0.019024
5.994176,-0.004234,0.000145,0.002917,0.005143,0.019383
6.004227,-0.004174,0.000205,0.002932,0.005104,0.020574
6.014278,-0.004245,0.000226,0.002940,0.005169,0.020961
6.024328,-0.004179,0.000175,0.002953,0.005120,0.020436
6.034378,-0.004235,0.000197,0.002921,0.005148,0.020401
6.044428,-0.004270,0.000148,0.002888,0.005157,0.019725
6.054477,-0.004254,0.000088,0.002893,0.005146,0.018022
6.064529,-0.004295,0.000025,0.002855,0.005157,0.017822
6.074579,-0.004286,-0.000037,0.002852,0.005148,0.017386
6.084642,-0.004325,-0.000068,0.002843,0.005176,0.017278
6.094703,-0.004265,-0.000136,0.002834,0.005122,0.017370
6.104764,-0.004366,-0.000179,0.002817,0.005199,0.017485
6.114818,-0.004280,-0.000189,0.002801,0.005118,0.017738
6.124880,-0.004339,-0.000273,0.002742,0.005140,0.018333
6.134940,-0.004206,-0.000315,0.002683,0.004998,0.018556
6.144996,-0.004358,-0.000315,0.002688,0.005130,0.018030
6.155049,-0.004604,-0.000326,0.002654,0.005324,0.017424
6.165104,-0.004639,-0.000340,0.002616,0.005337,0.017517
6.175154,-0.004571,-0.000349,0.002611,0.005276,0.017096
6.185205,-0.004530,-0.000343,0.002531,0.005201,0.017360
6.195258,-0.004436,-0.000284,0.002556,0.005128,0.017051
6.205308,-0.004509,-0.000244,0.002542,0.005182,0.016805
6.215361,-0.004403,-0.000209,0.002490,0.005063,0.017036
6.225413,-0.004391,-0.000242,0.002433,0.005026,0.017402
6.235467,-0.004247,-0.000233,0.002372,0.004870,0.017970
6.245519,-0.004278,-0.000241,0.002310,0.004867,0.018131
6.255581,-0.004165,-0.000162,0.002278,0.004751,0.019227
6.265642,-0.004159,-0.000096,0.002210,0.004711,0.019793
6.275706,-0.004050,-0.000082,0.002103,0.004564,0.020170
6.285767,-0.004093,-0.000129,0.002030,0.004571,0.019252
6.295839,-0.004121,-0.000162,0.001918,0.004549,0.019498
6.305891,-0.004068,-0.000145,0.001802,0.004452,0.019740
6.315944,-0.004098,-0.000184,0.001684,0.004434,0.019573
6.325996,-0.004014,-0.000230,0.001562,0.004313,0.018933
6.336058,-0.004046,-0.000307,0.001403,0.004294,0.018860
6.346111,-0.003819,-0.000360,0.001164,0.004009,0.019614
6.356163,-0.003904,-0.000407,0.001037,0.004059,0.019647
6.366216,-0.003883,-0.000445,0.000938,0.004019,0.019585
6.376266,-0.003893,-0.000468,0.000766,0.003995,0.019545
6.386316,-0.003768,-0.000599,0.000512,0.003850,0.020370
6.396367,-0.003837,-0.000601,0.000371,0.003902,0.020123
6.406418,-0.003766,-0.000683,0.000184,0.003832,0.020320
6.416471,-0.003731,-0.000747,-0.000039,0.003805,0.020919
6.426521,-0.003682,-0.000763,-0.000230,0.003768,0.020892
6.436571,-0.003678,-0.000757,-0.000420,0.003779,0.021355
6.446625,-0.003550,-0.000727,-0.000619,0.003676,0.021630
6.456674,-0.003475,-0.000711,-0.000854,0.003648,0.022364
6.466726,-0.003464,-0.000651,-0.000982,0.003659,0.022314
6.476777,-0.003456,-0.000642,-0.001184,0.003709,0.023111
6.486829,-0.003327,-0.000628,-0.001432,0.003676,0.024366
6.496880,-0.003373,-0.000599,-0.001600,0.003781,0.024819
6.506943,-0.003219,-0.000657,-0.001857,0.003774,0.026075
6.516998,-0.003135,-0.000627,-0.002111,0.003831,0.027645
6.527059,-0.003068,-0.000596,-0.002295,0.003877,0.028233
6.537122,-0.003151,-0.000492,-0.002398,0.003990,0.028333
6.547176,-0.003002,-0.000557,-0.002630,0.004030,0.028427
6.557227,-0.003051,-0.000550,-0.002814,0.004187,0.028615
6.567280,-0.003093,-0.000526,-0.003001,0.004342,0.029024
6.577332,-0.002930,-0.000597,-0.003316,0.004465,0.030528
6.587387,-0.003009,-0.000596,-0.003340,0.004535,0.030286
6.597440,-0.002937,-0.000568,-0.003544,0.004637,0.030933
6.607493,-0.003017,-0.000638,-0.003741,0.004848,0.030929
6.617545,-0.002872,-0.000724,-0.003995,0.004974,0.031298
6.627606,-0.002926,-0.000698,-0.004125,0.005106,0.030933
6.637667,-0.002808,-0.000725,-0.004381,0.005254,0.031369
6.647729,-0.002791,-0.000758,-0.004665,0.005489,0.032049
6.657791,-0.002713,-0.000739,-0.004885,0.005636,0.032004
6.667844,-0.002752,-0.000734,-0.005097,0.005839,0.032203
6.677897,-0.002705,-0.000786,-0.005323,0.006022,0.032239
6.687948,-0.002647,-0.000877,-0.005660,0.006309,0.033581
6.698000,-0.002573,-0.000895,-0.005927,0.006523,0.034196
6.708063,-0.002706,-0.000970,-0.006107,0.006750,0.034096
6.718131,-0.002663,-0.001045,-0.006343,0.006959,0.034515
6.728199,-0.002667,-0.001123,-0.006613,0.007218,0.035517
6.738257,-0.002611,-0.001192,-0.006891,0.007465,0.036580
6.748319,-0.002645,-0.001214,-0.007160,0.007729,0.037415
6.758382,-0.002514,-0.001255,-0.007487,0.007997,0.038508
6.768439,-0.002547,-0.001257,-0.007725,0.008230,0.038832
6.778492,-0.002491,-0.001167,-0.007876,0.008342,0.038962
6.788555,-0.002510,-0.001163,-0.008155,0.008612,0.039592
6.798618,-0.002406,-0.001147,-0.008487,0.008895,0.040627
6.808680,-0.002376,-0.001198,-0.008850,0.009242,0.042044
6.818742,-0.002322,-0.001148,-0.009048,0.009411,0.042749
6.828803,-0.002343,-0.001138,-0.009300,0.009658,0.043211
6.838929,-0.002179,-0.001163,-0.009721,0.010030,0.045102
6.848989,-0.002284,-0.001181,-0.009803,0.010134,0.044674
6.859048,-0.002319,-0.001237,-0.010098,0.010435,0.045426
6.869109,-0.002276,-0.001261,-0.010440,0.010759,0.046592
6.879170,-0.002222,-0.001280,-0.010820,0.011120,0.048108
6.889232,-0.002052,-0.001281,-0.011218,0.011476,0.049696
6.899296,-0.002163,-0.001235,-0.011435,0.011703,0.049738
6.909359,-0.002009,-0.001134,-0.011794,0.012017,0.051005
6.919421,-0.002002,-0.001090,-0.012067,0.012280,0.051442
6.929482,-0.001878,-0.001086,-0.012467,0.012654,0.053063
6.939541,-0.001920,-0.001055,-0.012773,0.012959,0.053880
6.949604,-0.001812,-0.001134,-0.013251,0.013422,0.056255
6.959663,-0.001812,-0.001177,-0.013642,0.013812,0.057773
6.969725,-0.001745,-0.001190,-0.013947,0.014106,0.059405
6.979784,-0.001797,-0.001217,-0.014298,0.014462,0.060489
6.989847,-0.001797,-0.001276,-0.014695,0.014860,0.061939
6.999911,-0.001787,-0.001290,-0.014962,0.015124,0.063021
7.009973,-0.001682,-0.001401,-0.015453,0.015608,0.065146
7.020036,-0.001721,-0.001431,-0.015945,0.016101,0.066620
7.030098,-0.001699,-0.001428,-0.016218,0.016369,0.067806
7.040158,-0.001613,-0.001441,-0.016672,0.016811,0.069758
7.050219,-0.001404,-0.001457,-0.017218,0.017336,0.072511
7.060279,-0.001426,-0.001423,-0.017452,0.017568,0.073338
7.070341,-0.001412,-0.001306,-0.017688,0.017792,0.074214
7.080401,-0.001364,-0.001260,-0.017971,0.018067,0.075369
7.090464,-0.001261,-0.001236,-0.018302,0.018387,0.076941
7.100528,-0.001198,-0.001174,-0.018723,0.018798,0.078637
7.110587,-0.001050,-0.001194,-0.019104,0.019170,0.080676
7.120639,-0.001080,-0.001207,-0.019350,0.019418,0.081496
7.130717,-0.001017,-0.001268,-0.019424,0.019492,0.082248
7.140781,-0.001048,-0.001279,-0.019540,0.019610,0.082655
7.150842,-0.001072,-0.001291,-0.019791,0.019862,0.083476
7.160904,-0.001084,-0.001395,-0.019692,0.019771,0.083273
7.170964,-0.001167,-0.001401,-0.019767,0.019851,0.083211
7.181016,-0.001126,-0.001535,-0.019717,0.019809,0.083349
7.191076,-0.001102,-0.001593,-0.019888,0.019982,0.083997
7.201138,-0.000919,-0.001685,-0.019802,0.019895,0.084564
7.211200,-0.000928,-0.001669,-0.019798,0.019890,0.084488
7.221263,-0.000900,-0.001715,-0.019709,0.019804,0.084266
7.231324,-0.000911,-0.001734,-0.019841,0.019937,0.084510
7.241384,-0.000820,-0.001773,-0.019669,0.019766,0.084385
7.251446,-0.000864,-0.001718,-0.019624,0.019718,0.083990
7.261510,-0.000880,-0.001584,-0.019448,0.019532,0.083260
7.271567,-0.000885,-0.001581,-0.019320,0.019405,0.082915
7.281628,-0.000822,-0.001556,-0.019108,0.019189,0.082554
7.291689,-0.000775,-0.001602,-0.019164,0.019246,0.082957
7.301742,-0.000692,-0.001711,-0.019136,0.019224,0.083356
7.311792,-0.000707,-0.001771,-0.019147,0.019242,0.083356
7.321844,-0.000785,-0.001804,-0.018847,0.018950,0.082216
7.331904,-0.000904,-0.001820,-0.018767,0.018877,0.081457
7.341971,-0.000918,-0.001878,-0.018650,0.018767,0.081038
7.352033,-0.000974,-0.001917,-0.018753,0.018876,0.081038
7.362100,-0.000994,-0.001990,-0.018506,0.018639,0.080324
7.372162,-0.000980,-0.001996,-0.018393,0.018527,0.079926
7.382221,-0.000979,-0.002056,-0.018414,0.018554,0.079926
7.392274,-0.001008,-0.002053,-0.018522,0.018662,0.079932
7.402327,-0.000940,-0.002088,-0.018328,0.018470,0.079558
7.412377,-0.000935,-0.002156,-0.018353,0.018503,0.079544
7.422495,-0.000788,-0.002170,-0.018210,0.018356,0.079555
7.432546,-0.000807,-0.002147,-0.018190,0.018334,0.079135
7.442605,-0.000824,-0.002144,-0.018304,0.018447,0.079141
7.452667,-0.000836,-0.002082,-0.018117,0.018255,0.077993
7.462721,-0.000919,-0.002041,-0.017883,0.018022,0.076421
7.472774,-0.000985,-0.001946,-0.017517,0.017652,0.074500
7.482827,-0.001047,-0.001912,-0.017587,0.017722,0.074113
7.492891,-0.000964,-0.001813,-0.017489,0.017609,0.073720
7.502956,-0.000962,-0.001742,-0.017404,0.017517,0.072582
7.513009,-0.000830,-0.001680,-0.017320,0.017421,0.072175
7.523060,-0.000728,-0.001585,-0.017491,0.017577,0.072577
7.533112,-0.000590,-0.001503,-0.017276,0.017352,0.071858
7.543174,-0.000572,-0.001433,-0.017232,0.017301,0.071136
7.553237,-0.000576,-0.001405,-0.017152,0.017219,0.069989
7.563290,-0.000628,-0.001356,-0.016964,0.017030,0.068900
7.573345,-0.000627,-0.001347,-0.016826,0.016892,0.068150
7.583405,-0.000613,-0.001332,-0.016822,0.016885,0.067802
7.593468,-0.000521,-0.001407,-0.016614,0.016681,0.067046
7.603532,-0.000526,-0.001453,-0.016611,0.016683,0.066594
7.613595,-0.000525,-0.001490,-0.016513,0.016589,0.066215
7.623657,-0.000521,-0.001547,-0.016645,0.016725,0.066174
7.633720,-0.000594,-0.001574,-0.016427,0.016513,0.064626
7.643785,-0.000638,-0.001591,-0.016415,0.016505,0.064247
7.653841,-0.000649,-0.001621,-0.016115,0.016209,0.062682
7.663897,-0.000603,-0.001610,-0.016286,0.016377,0.063135
7.673952,-0.000588,-0.001648,-0.016289,0.016383,0.062706
7.684014,-0.000491,-0.001655,-0.016342,0.016433,0.062732
7.694076,-0.000418,-0.001713,-0.016263,0.016358,0.062353
7.704139,-0.000403,-0.001748,-0.016136,0.016235,0.061596
7.714201,-0.000430,-0.001765,-0.016225,0.016326,0.061218
7.724263,-0.000470,-0.001777,-0.016050,0.016154,0.060082
7.734317,-0.000553,-0.001771,-0.016091,0.016198,0.059325
7.744381,-0.000456,-0.001773,-0.015882,0.015988,0.058547
7.754444,-0.000489,-0.001785,-0.015709,0.015817,0.057465
7.764507,-0.000513,-0.001799,-0.015668,0.015780,0.056710
7.774571,-0.000519,-0.001819,-0.015894,0.016006,0.056656
7.784635,-0.000485,-0.001854,-0.015771,0.015887,0.055900
7.794699,-0.000501,-0.001868,-0.015732,0.015850,0.055144
7.804761,-0.000507,-0.001834,-0.015561,0.015677,0.054020
7.814814,-0.000490,-0.001798,-0.015655,0.015766,0.053677
7.824878,-0.000508,-0.001809,-0.015485,0.015598,0.052545
7.834943,-0.000429,-0.001804,-0.015630,0.015739,0.052555
7.845006,-0.000398,-0.001805,-0.015954,0.016060,0.052162
7.855069,-0.000439,-0.001742,-0.015868,0.015969,0.051068
7.865132,-0.000373,-0.001719,-0.015616,0.015715,0.049980
7.875197,-0.000339,-0.001683,-0.015713,0.015807,0.049648
7.885258,-0.000321,-0.001640,-0.015545,0.015635,0.048570
7.895321,-0.000284,-0.001603,-0.015643,0.015727,0.048247
7.905384,-0.000261,-0.001560,-0.015475,0.015556,0.047113
7.915449,-0.000290,-0.001496,-0.015391,0.015466,0.046050
7.925511,-0.000261,-0.001443,-0.015224,0.015295,0.045051
7.935574,-0.000279,-0.001391,-0.015273,0.015338,0.044320
7.945637,-0.000238,-0.001290,-0.014974,0.015031,0.042988
7.955702,-0.000199,-0.001258,-0.014939,0.014994,0.042263
7.965763,-0.000084,-0.001192,-0.014823,0.014871,0.041624
7.975826,0.000043,-0.001130,-0.014838,0.014881,0.041359
7.985842,0.000173,-0.001006,-0.014589,0.014625,0.040469
7.995906,0.000221,-0.000973,-0.014556,0.014590,0.039759
8.006014,0.000255,-0.000925,-0.014257,0.014290,0.038418
8.016066,0.000297,-0.000920,-0.014224,0.014257,0.037892
8.026118,0.000345,-0.000936,-0.014323,0.014358,0.037535
8.036170,0.000365,-0.000941,-0.014025,0.014061,0.036110
8.046222,0.000397,-0.000949,-0.013859,0.013897,0.035048
8.056274,0.000371,-0.000944,-0.013679,0.013717,0.033881
8.066326,0.000429,-0.000960,-0.013778,0.013818,0.033529
8.076378,0.000411,-0.000956,-0.013694,0.013734,0.032366
8.086430,0.000392,-0.000960,-0.013611,0.013650,0.031101
8.096482,0.000354,-0.000947,-0.013262,0.013301,0.029247
8.106537,0.000353,-0.000947,-0.013311,0.013349,0.028446
8.116590,0.000346,-0.000934,-0.013227,0.013264,0.027281
8.126643,0.000352,-0.000925,-0.013275,0.013312,0.026717
8.136695,0.000337,-0.000908,-0.013058,0.013094,0.025217
8.146747,0.000323,-0.000890,-0.012842,0.012876,0.024005
8.156799,0.000311,-0.000871,-0.012625,0.012658,0.022682
8.166839,0.000322,-0.000860,-0.012576,0.012609,0.022031
8.176895,0.000314,-0.000842,-0.012358,0.012391,0.020586
8.186950,0.000320,-0.000827,-0.012272,0.012304,0.019812
8.197012,0.000311,-0.000806,-0.011958,0.011989,0.018416
8.207075,0.000330,-0.000795,-0.011908,0.011939,0.017821
8.217130,0.000352,-0.000774,-0.011701,0.011732,0.017696
8.227194,0.000376,-0.000772,-0.011590,0.011622,0.017433
8.237259,0.000416,-0.000766,-0.011455,0.011488,0.017528
8.247312,0.000449,-0.000746,-0.011343,0.011377,0.017410
8.257366,0.000481,-0.000745,-0.011171,0.011206,0.017433
8.267418,0.000537,-0.000742,-0.011226,0.011264,0.017528
8.277501,0.000590,-0.000737,-0.011185,0.011225,0.018008
8.287563,0.000650,-0.000734,-0.011240,0.011282,0.018302
8.297616,0.000721,-0.000724,-0.011390,0.011436,0.018757
8.307670,0.000677,-0.000689,-0.011094,0.011136,0.017719
8.317724,0.000743,-0.000686,-0.011146,0.011192,0.018008
8.327778,0.000820,-0.000685,-0.011235,0.011285,0.018598
8.337831,0.000885,-0.000670,-0.011250,0.011305,0.018757
8.347855,0.000963,-0.000677,-0.011337,0.011398,0.019023
8.357918,0.001029,-0.000670,-0.011352,0.011418,0.019023
8.367981,0.001094,-0.000652,-0.011269,0.011341,0.019179
8.378041,0.001175,-0.000639,-0.011319,0.011397,0.019814
8.388105,0.001277,-0.000652,-0.011535,0.011624,0.020580
8.398160,0.001436,-0.000675,-0.011728,0.011835,0.021208
8.408221,0.001436,-0.000639,-0.011594,0.011700,0.020893
8.418283,0.001521,-0.000634,-0.011700,0.011815,0.020893
8.428345,0.001583,-0.000679,-0.011649,0.011776,0.021033
8.438406,0.001682,-0.000677,-0.011790,0.011928,0.021353
8.448466,0.001791,-0.000678,-0.011906,0.012059,0.022324
8.458527,0.001894,-0.000676,-0.012045,0.012211,0.022502
8.468588,0.001983,-0.000667,-0.011991,0.012172,0.022980
8.478652,0.002082,-0.000662,-0.012092,0.012288,0.022980
8.488711,0.002178,-0.000645,-0.012037,0.012249,0.023438
8.498771,0.002297,-0.000645,-0.012208,0.012439,0.024100
8.508832,0.002402,-0.000639,-0.012247,0.012496,0.024433
8.518893,0.002517,-0.000636,-0.012380,0.012650,0.024768
8.528954,0.002609,-0.000624,-0.012285,0.012575,0.024768
8.539008,0.002709,-0.000674,-0.012417,0.012727,0.024957
8.549069,0.002805,-0.000662,-0.012320,0.012652,0.024957
8.559129,0.002920,-0.000655,-0.012413,0.012769,0.024957
8.569250,0.003036,-0.000649,-0.012446,0.012827,0.025296
8.579313,0.003164,-0.000645,-0.012574,0.012982,0.025636
8.589374,0.003301,-0.000645,-0.012736,0.013173,0.026321
8.599437,0.003361,-0.000615,-0.012753,0.013203,0.026664
8.609501,0.003424,-0.000585,-0.012828,0.013290,0.026664
8.619561,0.003487,-0.000554,-0.012843,0.013319,0.027009
8.629623,0.003627,-0.000542,-0.012965,0.013473,0.027464
8.639688,0.003694,-0.000511,-0.012977,0.013502,0.027810
8.649747,0.003843,-0.000510,-0.013133,0.013693,0.028503
8.659808,0.003893,-0.000481,-0.013011,0.013590,0.028398
8.669871,0.004031,-0.000464,-0.013033,0.013650,0.028851
8.679932,0.004165,-0.000516,-0.013126,0.013781,0.029893
8.689992,0.004304,-0.000508,-0.013146,0.013841,0.030244
8.700054,0.004450,-0.000502,-0.013140,0.013883,0.031303
8.710113,0.004611,-0.000500,-0.013289,0.014075,0.032012
8.720177,0.004676,-0.000453,-0.013160,0.013974,0.032105
8.730238,0.004805,-0.000489,-0.013175,0.014032,0.032439
8.740300,0.004985,-0.000473,-0.013356,0.014264,0.033699
8.750362,0.005155,-0.000462,-0.013500,0.014458,0.034509
8.760425,0.005291,-0.000438,-0.013378,0.014393,0.034613
8.770487,0.005461,-0.000416,-0.013483,0.014553,0.035185
8.780540,0.005546,-0.000362,-0.013383,0.014491,0.035768
8.790602,0.005713,-0.000347,-0.013426,0.014595,0.036589
8.800661,0.005822,-0.000351,-0.013586,0.014785,0.037963
8.810720,0.006003,-0.000340,-0.013722,0.014981,0.038694
8.820782,0.006073,-0.000296,-0.013543,0.014845,0.038343
8.830841,0.006193,-0.000270,-0.013722,0.015058,0.038694
8.840900,0.006215,-0.000197,-0.013624,0.014976,0.038472
8.850960,0.006322,-0.000156,-0.013669,0.015061,0.038697
8.861019,0.006247,-0.000175,-0.013592,0.014960,0.038405
8.871080,0.006360,-0.000213,-0.013802,0.015198,0.038847
8.881140,0.006500,-0.000181,-0.014010,0.015445,0.039671
8.891201,0.006438,-0.000152,-0.013893,0.015313,0.039069
8.901265,0.006392,-0.000118,-0.013870,0.015272,0.038586
8.911325,0.006246,-0.000155,-0.013833,0.015179,0.037966
8.921388,0.006258,-0.000260,-0.013987,0.015325,0.037978
8.931447,0.005924,-0.000293,-0.013721,0.014948,0.036199
8.941508,0.005981,-0.000284,-0.013872,0.015109,0.036546
8.951569,0.005911,-0.000335,-0.013820,0.015035,0.036782
8.961630,0.005976,-0.000447,-0.013849,0.015090,0.036586
8.971690,0.005935,-0.000626,-0.013805,0.015040,0.036684
8.981751,0.006030,-0.000687,-0.013867,0.015137,0.036969
8.991810,0.006054,-0.000789,-0.013628,0.014933,0.036031
9.001842,0.006131,-0.000793,-0.013482,0.014832,0.035227
9.011903,0.006165,-0.000739,-0.013360,0.014733,0.034776
9.021966,0.006147,-0.000644,-0.013284,0.014651,0.034110
9.032029,0.005927,-0.000520,-0.012886,0.014193,0.032149
9.042089,0.005800,-0.000441,-0.012688,0.013958,0.030234
9.052150,0.005824,-0.000351,-0.012429,0.013730,0.029618
9.062210,0.005939,-0.000364,-0.012441,0.013791,0.029561
9.072271,0.006018,-0.000226,-0.012346,0.013737,0.029709
9.082331,0.006074,-0.000128,-0.012214,0.013641,0.029516
9.092394,0.005953,-0.000018,-0.011928,0.013331,0.028911
9.102459,0.006031,0.000064,-0.011923,0.013362,0.029170
9.112523,0.006083,0.000098,-0.011858,0.013328,0.029602
9.122576,0.006235,0.000142,-0.011896,0.013432,0.030055
9.132637,0.006275,0.000163,-0.011792,0.013358,0.029947
9.142697,0.006380,0.000102,-0.011790,0.013406,0.029744
9.152761,0.006481,0.000052,-0.011729,0.013400,0.030089
9.162815,0.006619,0.000047,-0.011760,0.013495,0.030349
9.172879,0.006643,0.000019,-0.011648,0.013409,0.030265
9.182934,0.006640,-0.000102,-0.011571,0.013341,0.030396
9.192999,0.006523,-0.000120,-0.011495,0.013217,0.029883
9.203052,0.006193,-0.000233,-0.011325,0.012910,0.028574
9.213114,0.005982,-0.000219,-0.011128,0.012636,0.027001
9.223177,0.005901,-0.000370,-0.011093,0.012571,0.026981
9.233238,0.005973,-0.000410,-0.011197,0.012697,0.027386
9.243301,0.006094,-0.000478,-0.011213,0.012771,0.027930
9.253360,0.006256,-0.000496,-0.011322,0.012945,0.028339
9.263422,0.006305,-0.000572,-0.011362,0.013007,0.029156
9.273485,0.006462,-0.000633,-0.011503,0.013209,0.029937
9.283539,0.006521,-0.000711,-0.011575,0.013304,0.031151
9.293599,0.006603,-0.000741,-0.011667,0.013426,0.031629
9.303663,0.006562,-0.000804,-0.011618,0.013367,0.031580
9.313720,0.006642,-0.000821,-0.011670,0.013453,0.031558
9.323783,0.006522,-0.000915,-0.011666,0.013397,0.031340
9.333843,0.006505,-0.000956,-0.011669,0.013394,0.031113
9.343905,0.006197,-0.000884,-0.011565,0.013150,0.030284
9.353964,0.006254,-0.000850,-0.011731,0.013321,0.030747
9.364026,0.006353,-0.000900,-0.011882,0.013504,0.032162
9.374086,0.006588,-0.000986,-0.012011,0.013735,0.033027
9.384147,0.006714,-0.001036,-0.011943,0.013740,0.033974
9.394207,0.006859,-0.001073,-0.011930,0.013803,0.034316
9.404275,0.006868,-0.001052,-0.011898,0.013779,0.034696
9.414337,0.007007,-0.001086,-0.011845,0.013805,0.034643
9.424400,0.006996,-0.001092,-0.011774,0.013739,0.034501
9.434460,0.006952,-0.001112,-0.011592,0.013563,0.033678
9.444520,0.006823,-0.001121,-0.011365,0.013303,0.032220
9.454581,0.006823,-0.001194,-0.011439,0.013373,0.032004
9.464639,0.006848,-0.001210,-0.011512,0.013449,0.031467
9.474692,0.006622,-0.001143,-0.011394,0.013228,0.029998
9.484745,0.006665,-0.001063,-0.011370,0.013222,0.029382
9.494794,0.006665,-0.001046,-0.011286,0.013149,0.029049
9.504846,0.006845,-0.001071,-0.011344,0.013293,0.029186
9.514899,0.007037,-0.001152,-0.011545,0.013570,0.030584
9.524953,0.007243,-0.001138,-0.011636,0.013753,0.031019
9.535014,0.007603,-0.001069,-0.011536,0.013857,0.030610
9.545074,0.007638,-0.001033,-0.011533,0.013871,0.030861
9.555136,0.007533,-0.001025,-0.011357,0.013667,0.030536
9.565192,0.007475,-0.000975,-0.011272,0.013560,0.030085
9.575251,0.007272,-0.000933,-0.010955,0.013182,0.029020
9.585306,0.007254,-0.000902,-0.011031,0.013233,0.028841
9.595360,0.007220,-0.000872,-0.011048,0.013227,0.028976
9.605413,0.007314,-0.000845,-0.010946,0.013192,0.028845
9.615465,0.007254,-0.000792,-0.010830,0.013059,0.028730
9.625517,0.007390,-0.000772,-0.010889,0.013183,0.029444
9.635581,0.007214,-0.000775,-0.010728,0.012951,0.028923
9.645645,0.007267,-0.000815,-0.010582,0.012863,0.028500
9.655710,0.007087,-0.000803,-0.010381,0.012595,0.027715
9.665763,0.007096,-0.000821,-0.010318,0.012549,0.027346
9.675826,0.006896,-0.000850,-0.010114,0.012271,0.026650
9.685843,0.006890,-0.000923,-0.010083,0.012248,0.026797
9.695899,0.007001,-0.001049,-0.010257,0.012463,0.028151
9.705962,0.007109,-0.001119,-0.010320,0.012581,0.028368
9.716024,0.007011,-0.001092,-0.010365,0.012561,0.028622
9.726089,0.006881,-0.001093,-0.010337,0.012466,0.028190
9.736144,0.006846,-0.001093,-0.010348,0.012455,0.028176
9.746201,0.006700,-0.001127,-0.010316,0.012353,0.027859
9.756268,0.006752,-0.001136,-0.010364,0.012422,0.027877
9.766334,0.006600,-0.001221,-0.010402,0.012380,0.027909
9.776401,0.006736,-0.001248,-0.010487,0.012526,0.028016
9.786464,0.006782,-0.001222,-0.010473,0.012536,0.028044
9.796525,0.006932,-0.001222,-0.010552,0.012685,0.028323
9.806588,0.006952,-0.001255,-0.010534,0.012683,0.028707
9.816651,0.007094,-0.001292,-0.010645,0.012858,0.029360
9.826712,0.007086,-0.001299,-0.010494,0.012729,0.029308
9.836773,0.007119,-0.001283,-0.010433,0.012695,0.029240
9.846833,0.007040,-0.001319,-0.010367,0.012601,0.029090
9.856894,0.007165,-0.001369,-0.010434,0.012731,0.029348
9.866954,0.007112,-0.001343,-0.010365,0.012642,0.029230
9.877015,0.007267,-0.001323,-0.010428,0.012779,0.029631
9.887075,0.007268,-0.001269,-0.010483,0.012819,0.030322
9.897136,0.007301,-0.001227,-0.010373,0.012744,0.030157
9.907197,0.007293,-0.001196,-0.010423,0.012778,0.030906
9.917260,0.007400,-0.001199,-0.010349,0.012778,0.031147
9.927321,0.007403,-0.001264,-0.010305,0.012751,0.031485
9.937381,0.007450,-0.001266,-0.010277,0.012757,0.031099
9.947441,0.007415,-0.001287,-0.010028,0.012538,0.030178
9.957502,0.007422,-0.001287,-0.009869,0.012415,0.029309
9.967566,0.007331,-0.001298,-0.009668,0.012202,0.028049
9.977630,0.007447,-0.001320,-0.009598,0.012219,0.027245
9.987691,0.007369,-0.001388,-0.009521,0.012119,0.026547
9.997753,0.007407,-0.001390,-0.009444,0.012082,0.025931
10.007816,0.007213,-0.001427,-0.009234,0.011804,0.025202
10.017877,0.007306,-0.001507,-0.009192,0.011838,0.025054
10.027940,0.007288,-0.001571,-0.009054,0.011728,0.025078
10.038000,0.007123,-0.001556,-0.008622,0.011291,0.024049
10.048062,0.007115,-0.001489,-0.008316,0.011045,0.023338
10.058123,0.007005,-0.001521,-0.008098,0.010815,0.023100
10.068184,0.007058,-0.001525,-0.008079,0.010836,0.023511
10.078244,0.006811,-0.001461,-0.007819,0.010472,0.022869
10.088305,0.006932,-0.001500,-0.007797,0.010540,0.023345
10.098364,0.006847,-0.001622,-0.007807,0.010510,0.024731
10.108429,0.006882,-0.001634,-0.007744,0.010488,0.024728
10.118493,0.006744,-0.001642,-0.007678,0.010350,0.024749
10.128554,0.006692,-0.001565,-0.007483,0.010160,0.024342
10.138616,0.006472,-0.001546,-0.007376,0.009934,0.024588
10.148676,0.006605,-0.001548,-0.007342,0.009996,0.024260
10.158738,0.006484,-0.001509,-0.007270,0.009858,0.023432
10.168802,0.006508,-0.001529,-0.007196,0.009822,0.023031
10.178843,0.006394,-0.001440,-0.007086,0.009653,0.020934
10.188898,0.006527,-0.001449,-0.007080,0.009739,0.020994
10.198961,0.006650,-0.001471,-0.007073,0.009819,0.020754
10.209025,0.006782,-0.001478,-0.007063,0.009903,0.020852
10.219089,0.006709,-0.001329,-0.006981,0.009773,0.020688
10.229149,0.006793,-0.001319,-0.006804,0.009704,0.020686
10.239213,0.006589,-0.001243,-0.006681,0.009466,0.020508
10.249276,0.006724,-0.001251,-0.006660,0.009547,0.021058
10.259341,0.006774,-0.001281,-0.006673,0.009595,0.021465
10.269403,0.006821,-0.001279,-0.006611,0.009585,0.021250
10.279467,0.006695,-0.001275,-0.006549,0.009452,0.021164
10.289531,0.006733,-0.001268,-0.006447,0.009408,0.021056
10.299595,0.006642,-0.001341,-0.006344,0.009282,0.021105
10.309660,0.006757,-0.001367,-0.006273,0.009321,0.021175
10.319687,0.006739,-0.001482,-0.006200,0.009277,0.022106
10.329748,0.006590,-0.001488,-0.006094,0.009098,0.022231
10.339813,0.006606,-0.001514,-0.005981,0.009039,0.022779
10.349881,0.006430,-0.001570,-0.005870,0.008847,0.023889
10.359942,0.006456,-0.001590,-0.005790,0.008817,0.024458
10.370006,0.006478,-0.001655,-0.005780,0.008838,0.025734
10.380066,0.006467,-0.001738,-0.005696,0.008791,0.026691
10.390126,0.006319,-0.001727,-0.005578,0.008604,0.027270
10.400185,0.006276,-0.001682,-0.005457,0.008485,0.027313
10.410259,0.006108,-0.001703,-0.005336,0.008287,0.028235
10.420323,0.006140,-0.001671,-0.005210,0.008224,0.027579
10.430385,0.006153,-0.001681,-0.005119,0.008179,0.026773
10.440448,0.006087,-0.001631,-0.004958,0.008018,0.025467
10.450511,0.005972,-0.001498,-0.004800,0.007806,0.022931
10.460572,0.006021,-0.001412,-0.004669,0.007749,0.021651
10.470634,0.006032,-0.001424,-0.004608,0.007723,0.020943
10.480698,0.006070,-0.001361,-0.004472,0.007661,0.020250
10.490751,0.005951,-0.001251,-0.004341,0.007472,0.019658
10.500802,0.005881,-0.001187,-0.004132,0.007285,0.018946
10.510853,0.005833,-0.001114,-0.003994,0.007156,0.018561
10.520906,0.005880,-0.001060,-0.003883,0.007126,0.018362
10.530961,0.005823,-0.001032,-0.003774,0.007015,0.017688
10.541024,0.005843,-0.001028,-0.003659,0.006970,0.017148
10.551086,0.005624,-0.000894,-0.003411,0.006638,0.015123
10.561148,0.005704,-0.000938,-0.003288,0.006650,0.014608
10.571201,0.005596,-0.001027,-0.003188,0.006522,0.013735
10.581254,0.005562,-0.000975,-0.002870,0.006334,0.012827
10.591375,0.005355,-0.000881,-0.002705,0.006064,0.011396
10.601428,0.005319,-0.000919,-0.002508,0.005952,0.011053
10.611487,0.005399,-0.000921,-0.002340,0.005956,0.010351
10.621548,0.005352,-0.000935,-0.002107,0.005827,0.009138
10.631609,0.005318,-0.000931,-0.001870,0.005713,0.008413
10.641672,0.005139,-0.000812,-0.001573,0.005435,0.007816
10.651735,0.005145,-0.000731,-0.001333,0.005365,0.007800
10.661797,0.005010,-0.000706,-0.001063,0.005170,0.008301
10.671860,0.005005,-0.000648,-0.000818,0.005113,0.008579
10.681924,0.004865,-0.000628,-0.000545,0.004935,0.009362
10.691990,0.004861,-0.000560,-0.000297,0.004902,0.010194
10.702054,0.004669,-0.000472,0.000014,0.004692,0.010284
10.712119,0.004593,-0.000370,0.000298,0.004617,0.010062
10.722184,0.004476,-0.000331,0.000584,0.004526,0.010288
10.732246,0.004450,-0.000308,0.000842,0.004539,0.010423
10.742310,0.004257,-0.000260,0.001090,0.004402,0.011235
10.752374,0.004127,-0.000254,0.001346,0.004348,0.012485
10.762438,0.003922,-0.000239,0.001561,0.004228,0.013669
10.772494,0.003916,-0.000230,0.001719,0.004283,0.014216
10.782556,0.003779,-0.000263,0.001908,0.004242,0.015903
10.792619,0.003684,-0.000224,0.002098,0.004246,0.017022
10.802681,0.003404,-0.000163,0.002310,0.004117,0.018580
10.812735,0.003376,-0.000149,0.002509,0.004209,0.019485
10.822796,0.003359,-0.000167,0.002601,0.004252,0.019257
10.832859,0.003340,-0.000150,0.002767,0.004340,0.019476
10.842918,0.003193,-0.000094,0.002866,0.004292,0.019727
10.852980,0.003113,0.000002,0.003061,0.004366,0.019637
10.863040,0.003062,0.000007,0.003226,0.004448,0.018572
10.873101,0.003161,0.000001,0.003279,0.004555,0.017006
10.883187,0.003096,0.000139,0.003437,0.004628,0.015785
10.893247,0.003132,0.000170,0.003687,0.004840,0.015984
10.903281,0.003103,0.000315,0.003835,0.004943,0.015929
10.913344,0.002990,0.000446,0.004103,0.005097,0.017280
10.923406,0.003007,0.000435,0.004323,0.005284,0.017827
10.933468,0.002927,0.000499,0.004478,0.005373,0.018707
10.943536,0.002977,0.000520,0.004707,0.005593,0.018726
10.953599,0.002776,0.000624,0.004982,0.005737,0.019524
10.963654,0.002763,0.000692,0.005205,0.005934,0.019625
10.973718,0.002619,0.000720,0.005458,0.006097,0.020183
10.983779,0.002543,0.000695,0.005686,0.006267,0.020660
10.993842,0.002384,0.000714,0.005940,0.006440,0.021376
11.003906,0.002258,0.000816,0.006267,0.006712,0.022902
11.013970,0.002048,0.000822,0.006430,0.006798,0.024392
11.024033,0.001924,0.000935,0.006759,0.007089,0.025948
11.034096,0.001815,0.000894,0.006844,0.007137,0.027215
11.044159,0.001833,0.000826,0.007001,0.007284,0.028227
11.054224,0.001722,0.000885,0.007209,0.007465,0.029298
11.064286,0.001583,0.001000,0.007541,0.007770,0.030641
11.074346,0.001413,0.001141,0.007775,0.007985,0.031615
11.084410,0.001352,0.001236,0.008080,0.008285,0.032161
11.094472,0.001228,0.001319,0.008286,0.008480,0.032628
11.104536,0.001289,0.001335,0.008410,0.008613,0.032211
11.114591,0.001153,0.001461,0.008524,0.008725,0.032992
11.124654,0.001063,0.001580,0.008738,0.008943,0.033641
11.134719,0.001037,0.001690,0.008755,0.008977,0.033675
11.144781,0.001074,0.001754,0.008825,0.009062,0.034122
11.154835,0.001000,0.001828,0.008918,0.009158,0.034971
11.164888,0.001022,0.001860,0.008994,0.009240,0.035058
11.174961,0.000900,0.001937,0.008907,0.009160,0.035260
11.185014,0.001106,0.001946,0.009243,0.009510,0.035011
11.195066,0.001192,0.001916,0.009304,0.009573,0.034805
11.205118,0.001062,0.001931,0.009320,0.009577,0.035099
11.215172,0.001034,0.001943,0.009313,0.009569,0.034829
11.225224,0.000959,0.001804,0.009185,0.009409,0.034801
11.235277,0.000997,0.001768,0.009154,0.009377,0.034560
11.245329,0.000949,0.001666,0.009031,0.009232,0.034718
11.255383,0.000900,0.001704,0.009244,0.009443,0.035289
11.265435,0.000803,0.001701,0.009142,0.009333,0.034836
11.275488,0.000809,0.001593,0.009210,0.009382,0.034874
11.285541,0.000782,0.001559,0.009083,0.009249,0.033820
11.295568,0.000826,0.001565,0.009056,0.009227,0.033058
11.305619,0.000806,0.001556,0.008928,0.009099,0.032247
11.315673,0.000816,0.001625,0.009020,0.009202,0.031725
11.325725,0.000761,0.001671,0.008974,0.009160,0.030550
11.335786,0.000825,0.001667,0.009008,0.009198,0.029690
11.345850,0.000899,0.001621,0.008789,0.008983,0.028100
11.355912,0.001014,0.001572,0.008712,0.008910,0.027075
11.365971,0.000936,0.001615,0.008621,0.008821,0.026876
11.376033,0.000950,0.001678,0.008727,0.008937,0.026878
11.386092,0.000805,0.001770,0.008663,0.008878,0.027219
11.396151,0.000935,0.001666,0.008507,0.008719,0.026247
11.406211,0.000869,0.001585,0.008399,0.008591,0.025851
11.416273,0.000935,0.001494,0.008366,0.008549,0.025336
11.426334,0.000856,0.001485,0.008381,0.008555,0.025266
11.436398,0.000815,0.001481,0.008495,0.008661,0.025668
11.446503,0.000823,0.001396,0.008236,0.008394,0.024856
11.456564,0.000886,0.001290,0.008173,0.008322,0.024336
11.466627,0.000906,0.001246,0.008264,0.008406,0.024612
11.476685,0.000908,0.001141,0.008138,0.008267,0.024508
11.486738,0.000910,0.001133,0.008132,0.008260,0.024372
11.496791,0.000871,0.001119,0.008029,0.008154,0.024383
11.506845,0.000819,0.001168,0.008051,0.008177,0.025056
11.516898,0.000767,0.001130,0.007954,0.008070,0.025319
11.526951,0.000898,0.001031,0.007904,0.008022,0.024546
11.537007,0.000901,0.001003,0.007682,0.007799,0.023793
11.547063,0.000917,0.000993,0.007775,0.007892,0.023605
11.557117,0.000853,0.000988,0.007670,0.007780,0.023063
11.567169,0.000887,0.001010,0.007764,0.007879,0.022508
11.577222,0.000869,0.001019,0.007759,0.007874,0.022375
11.587275,0.000937,0.001003,0.007734,0.007855,0.021937
11.597328,0.000987,0.001073,0.007509,0.007649,0.021423
11.607382,0.001034,0.001128,0.007605,0.007757,0.021830
11.617434,0.000957,0.001254,0.007526,0.007690,0.023015
11.627487,0.000931,0.001333,0.007650,0.007821,0.023421
11.637542,0.000879,0.001239,0.007440,0.007593,0.022902
11.647606,0.000953,0.001134,0.007305,0.007454,0.022178
11.657671,0.000870,0.001174,0.007338,0.007482,0.022124
11.667733,0.000876,0.001154,0.007448,0.007587,0.022021
11.677796,0.000816,0.001210,0.007447,0.007589,0.021728
11.687843,0.000874,0.001175,0.007438,0.007580,0.021355
11.697900,0.000842,0.001175,0.007320,0.007461,0.020737
11.707963,0.000824,0.001181,0.007333,0.007473,0.020837
11.718088,0.000733,0.001229,0.007368,0.007506,0.021057
11.728153,0.000731,0.001225,0.007478,0.007613,0.021179
11.738206,0.000714,0.001247,0.007490,0.007627,0.020981
11.748269,0.000729,0.001135,0.007264,0.007388,0.020617
11.758333,0.000682,0.001117,0.007279,0.007395,0.020635
11.768386,0.000556,0.001091,0.007414,0.007515,0.021317
11.778441,0.000463,0.001104,0.007552,0.007646,0.021918
11.788494,0.000390,0.001062,0.007568,0.007652,0.022624
11.798547,0.000427,0.001034,0.007562,0.007644,0.022508
11.808608,0.000409,0.001017,0.007361,0.007442,0.022321
11.818670,0.000384,0.001004,0.007476,0.007553,0.022461
11.828730,0.000363,0.001041,0.007492,0.007573,0.022505
11.838790,0.000305,0.001125,0.007628,0.007717,0.022676
11.848854,0.000299,0.001098,0.007525,0.007610,0.022642
11.858918,0.000309,0.001062,0.007518,0.007599,0.022160
11.868977,0.000302,0.001043,0.007414,0.007493,0.021970
11.879038,0.000229,0.001078,0.007650,0.007729,0.022523
11.889098,0.000190,0.001019,0.007548,0.007619,0.022655
11.899161,0.000094,0.001062,0.007688,0.007761,0.023409
11.909224,0.000092,0.000971,0.007465,0.007528,0.023431
11.919285,0.000029,0.000943,0.007581,0.007640,0.023997
11.929346,0.000000,0.000907,0.007480,0.007535,0.024013
11.939407,-0.000098,0.000967,0.007617,0.007679,0.024347
11.949465,-0.000131,0.000930,0.007516,0.007575,0.024656
11.959527,-0.000165,0.000979,0.007536,0.007601,0.024656
11.969590,-0.000145,0.000925,0.007314,0.007374,0.024209
11.979650,-0.000169,0.000957,0.007432,0.007495,0.024209
11.989711,-0.000169,0.000974,0.007330,0.007396,0.023742
11.999771,-0.000159,0.000966,0.007327,0.007392,0.023520
12.009833,-0.000130,0.000934,0.007099,0.007162,0.023089
12.019893,-0.000178,0.000982,0.007102,0.007171,0.022822
12.029954,-0.000246,0.001062,0.007308,0.007389,0.022788
12.040019,-0.000244,0.001054,0.007265,0.007345,0.022572
12.050080,-0.000244,0.001046,0.007209,0.007289,0.022361
12.060143,-0.000175,0.000950,0.006902,0.006969,0.021753
12.070202,-0.000126,0.000886,0.006800,0.006859,0.021380
12.080264,-0.000177,0.000941,0.006730,0.006797,0.021113
12.090324,-0.000166,0.000917,0.006724,0.006789,0.020932
12.100384,-0.000218,0.000972,0.006631,0.006705,0.020666
12.110446,-0.000222,0.000963,0.006503,0.006577,0.020488
12.120510,-0.000189,0.000915,0.006243,0.006312,0.020149
12.130573,-0.000145,0.000843,0.006071,0.006130,0.020111
12.140642,-0.000233,0.000936,0.006049,0.006125,0.019988
12.150696,-0.000273,0.000967,0.005995,0.006078,0.019988
12.160730,-0.000275,0.000958,0.005807,0.005891,0.019834
12.170794,-0.000280,0.000940,0.005608,0.005694,0.019965
12.180859,-0.000194,0.000837,0.005255,0.005324,0.019564
12.190918,-0.000180,0.000813,0.005130,0.005197,0.019443
12.200982,-0.000115,0.000734,0.004970,0.005026,0.019223
12.211041,-0.000045,0.000664,0.004798,0.004844,0.018737
12.221102,0.000022,0.000586,0.004614,0.004651,0.018332
12.231163,0.000090,0.000508,0.004419,0.004449,0.018434
12.241226,0.000159,0.000430,0.004212,0.004237,0.018329
12.251291,0.000230,0.000352,0.003992,0.004014,0.018255
12.261355,0.000337,0.000236,0.003639,0.003662,0.017992
12.271416,0.000373,0.000197,0.003518,0.003543,0.018202
12.281478,0.000478,0.000073,0.003156,0.003192,0.018548
12.291538,0.000517,0.000042,0.003033,0.003077,0.018276
12.301591,0.000586,-0.000043,0.002792,0.002853,0.018662
12.311641,0.000658,-0.000120,0.002550,0.002636,0.018776
12.321694,0.000729,-0.000197,0.002307,0.002428,0.018920
12.331755,0.000772,-0.000235,0.002116,0.002265,0.019004
12.341816,0.000780,-0.000235,0.002030,0.002188,0.019004
12.351878,0.000861,-0.000312,0.001688,0.001921,0.019192
12.361937,0.000943,-0.000389,0.001335,0.001680,0.019262
12.372000,0.000990,-0.000427,0.001090,0.001533,0.019385
12.382062,0.001002,-0.000427,0.000955,0.001448,0.019385
12.392116,0.001014,-0.000427,0.000807,0.001365,0.019527
12.402168,0.001031,-0.000419,0.000647,0.001287,0.019096
12.412221,0.001044,-0.000419,0.000475,0.001221,0.019239
12.422275,0.001057,-0.000419,0.000291,0.001174,0.019239
12.432336,0.001067,-0.000427,0.000095,0.001153,0.019385
12.442398,0.001083,-0.000419,-0.000113,0.001167,0.019239
12.452462,0.001095,-0.000419,-0.000335,0.001220,0.019096
12.462522,0.001104,-0.000427,-0.000567,0.001312,0.019385
12.472584,0.001115,-0.000427,-0.000812,0.001444,0.019385
12.482646,0.001128,-0.000419,-0.001070,0.001610,0.019096
12.492708,0.001133,-0.000427,-0.001338,0.001805,0.019385
12.502770,0.001140,-0.000427,-0.001621,0.002027,0.019385
12.512836,0.001149,-0.000419,-0.001916,0.002273,0.019096
12.522891,0.001152,-0.000419,-0.002222,0.002538,0.019096
12.532951,0.001153,-0.000419,-0.002540,0.002821,0.019096
12.543013,0.001151,-0.000419,-0.002871,0.003121,0.019096
12.553073,0.001196,-0.000472,-0.003235,0.003481,0.019227
12.563127,0.001188,-0.000472,-0.003590,0.003810,0.019366
12.573179,0.001176,-0.000472,-0.003957,0.004155,0.019227
12.583234,0.001210,-0.000525,-0.004357,0.004553,0.019500
12.593319,0.001191,-0.000525,-0.004748,0.004923,0.019365
12.603374,0.001216,-0.000578,-0.005172,0.005345,0.019509
12.613427,0.001186,-0.000578,-0.005586,0.005739,0.019509
12.623489,0.001201,-0.000632,-0.006034,0.006185,0.019660
12.633554,0.001161,-0.000632,-0.006471,0.006605,0.019660
12.643614,0.001129,-0.000647,-0.006820,0.006943,0.019660
12.653676,0.001076,-0.000647,-0.007280,0.007387,0.019660
12.663728,0.001016,-0.000647,-0.007750,0.007843,0.019786
12.673789,0.000946,-0.000655,-0.008231,0.008311,0.020066
12.683842,0.000924,-0.000700,-0.008747,0.008823,0.019939
12.693905,0.000825,-0.000638,-0.009129,0.009188,0.019461
12.703960,0.000730,-0.000646,-0.009641,0.009691,0.019613
12.714023,0.000594,-0.000608,-0.010044,0.010080,0.019592
12.724085,0.000463,-0.000586,-0.010358,0.010385,0.019451
12.734146,0.000358,-0.000601,-0.010804,0.010827,0.019451
12.744200,0.000262,-0.000592,-0.011258,0.011277,0.019120
12.754265,0.000182,-0.000669,-0.011745,0.011765,0.019544
12.764334,-0.000008,-0.000585,-0.011976,0.011990,0.018935
12.774397,-0.000232,-0.000532,-0.012215,0.012229,0.018970
12.784460,-0.000305,-0.000585,-0.012631,0.012648,0.018471
12.794520,-0.000431,-0.000607,-0.012934,0.012955,0.018287
12.804581,-0.000558,-0.000654,-0.013144,0.013172,0.018235
12.814631,-0.000659,-0.000731,-0.013485,0.013521,0.018038
12.824689,-0.000678,-0.000910,-0.013561,0.013609,0.018005
12.834750,-0.000846,-0.000990,-0.013697,0.013759,0.018147
12.844810,-0.001087,-0.000987,-0.013594,0.013673,0.018083
12.854871,-0.001168,-0.001138,-0.013884,0.013980,0.018675
12.864966,-0.001117,-0.001423,-0.014028,0.014145,0.019692
12.875026,-0.001391,-0.001698,-0.015153,0.015311,0.020551
12.885087,-0.001633,-0.001688,-0.015197,0.015377,0.019965
12.895148,-0.001847,-0.001809,-0.015164,0.015382,0.021606
12.905208,-0.002104,-0.001879,-0.015331,0.015588,0.022763
12.915270,-0.001905,-0.002286,-0.015471,0.015755,0.024424
12.925332,-0.001990,-0.002457,-0.015718,0.016033,0.024915
12.935391,-0.002244,-0.002333,-0.015553,0.015886,0.023468
12.945452,-0.002389,-0.002408,-0.015779,0.016140,0.022900
12.955513,-0.002214,-0.002681,-0.015809,0.016187,0.023027
12.965576,-0.002412,-0.002702,-0.015914,0.016321,0.022347
12.975639,-0.002622,-0.002558,-0.015771,0.016191,0.020420
12.985699,-0.002745,-0.002601,-0.016116,0.016554,0.019903
12.995762,-0.002564,-0.002802,-0.016141,0.016582,0.020568
13.005826,-0.002860,-0.002741,-0.016208,0.016685,0.019979
13.015885,-0.003100,-0.002479,-0.015926,0.016413,0.018078
13.025948,-0.003221,-0.002614,-0.016179,0.016703,0.019155
13.036010,-0.003150,-0.002775,-0.016155,0.016692,0.020990
13.046072,-0.003494,-0.002683,-0.016197,0.016786,0.020572
13.056134,-0.003723,-0.002509,-0.015811,0.016437,0.020362
13.066192,-0.003829,-0.002662,-0.016062,0.016725,0.022138
13.076252,-0.003842,-0.002703,-0.015984,0.016660,0.023401
13.086313,-0.004197,-0.002656,-0.016015,0.016768,0.023887
13.096373,-0.004265,-0.002637,-0.015794,0.016571,0.024887
13.106434,-0.004425,-0.002814,-0.015908,0.016751,0.027135
13.116488,-0.004653,-0.002642,-0.015706,0.016593,0.027552
13.126540,-0.005031,-0.002655,-0.015713,0.016711,0.028876
13.136592,-0.004950,-0.002745,-0.015523,0.016522,0.031183
13.146644,-0.005401,-0.002662,-0.015473,0.016604,0.031687
13.156765,-0.005548,-0.002589,-0.015173,0.016361,0.033028
13.166820,-0.005722,-0.002701,-0.015325,0.016580,0.034786
13.176879,-0.006109,-0.002670,-0.015374,0.016757,0.036174
13.186940,-0.006292,-0.002576,-0.015018,0.016485,0.037589
13.197000,-0.006533,-0.002621,-0.014990,0.016560,0.038886
13.207063,-0.006617,-0.002555,-0.014747,0.016364,0.040412
13.217122,-0.007044,-0.002467,-0.014713,0.016497,0.041310
13.227185,-0.006894,-0.002523,-0.014640,0.016377,0.043648
13.237247,-0.007317,-0.002436,-0.014465,0.016393,0.044218
13.247307,-0.007361,-0.002354,-0.014163,0.016134,0.046004
13.257369,-0.007655,-0.002351,-0.014214,0.016315,0.047702
13.267429,-0.007639,-0.002294,-0.014111,0.016209,0.049445
13.277493,-0.008014,-0.002259,-0.013950,0.016246,0.050348
13.287560,-0.007995,-0.002191,-0.013628,0.015951,0.051681
13.297622,-0.008347,-0.002160,-0.013535,0.016047,0.052658
13.307683,-0.008229,-0.002190,-0.013367,0.015849,0.054123
13.317736,-0.008560,-0.002126,-0.013230,0.015901,0.054496
13.327800,-0.008483,-0.002155,-0.012932,0.015615,0.055753
13.337833,-0.008780,-0.002150,-0.012729,0.015612,0.056239
13.347901,-0.008697,-0.002111,-0.012516,0.015387,0.056938
13.357961,-0.008925,-0.002101,-0.012246,0.015298,0.057177
13.368029,-0.008817,-0.002125,-0.011932,0.014988,0.057829
13.378089,-0.009133,-0.002073,-0.011742,0.015020,0.058177
13.388149,-0.008901,-0.002100,-0.011487,0.014683,0.059232
13.398209,-0.009302,-0.002066,-0.011028,0.014575,0.058560
13.408270,-0.009038,-0.002075,-0.010762,0.014206,0.059419
13.418333,-0.009393,-0.002055,-0.010393,0.014159,0.059711
13.428395,-0.009127,-0.002025,-0.010024,0.013707,0.060020
13.438455,-0.009363,-0.002013,-0.009675,0.013613,0.060079
13.448537,-0.009193,-0.001961,-0.009127,0.013102,0.059568
13.458598,-0.009462,-0.002014,-0.008667,0.012989,0.059602
13.468659,-0.009704,-0.002028,-0.008169,0.012845,0.059519
13.478713,-0.009456,-0.001957,-0.007679,0.012337,0.059744
13.488766,-0.009671,-0.001931,-0.007071,0.012135,0.059316
13.498828,-0.009413,-0.001852,-0.006475,0.011574,0.059116
13.508888,-0.009599,-0.001827,-0.005829,0.011378,0.058907
13.518945,-0.009323,-0.001742,-0.005127,0.010782,0.058155
13.529006,-0.009518,-0.001783,-0.004372,0.010625,0.057521
13.539064,-0.009282,-0.001633,-0.003524,0.010062,0.056101
13.549125,-0.009505,-0.001580,-0.002581,0.009975,0.054282
13.559185,-0.009123,-0.001632,-0.001767,0.009435,0.052877
13.569249,-0.009258,-0.001482,-0.000754,0.009406,0.051243
13.579311,-0.008956,-0.001503,0.000332,0.009087,0.048671
13.589371,-0.009140,-0.001433,0.001364,0.009352,0.046500
13.599433,-0.008797,-0.001321,0.002463,0.009230,0.043155
13.609493,-0.008904,-0.001335,0.003646,0.009714,0.040784
13.619554,-0.008600,-0.001230,0.004849,0.009949,0.037141
13.629607,-0.008697,-0.001133,0.006175,0.010726,0.034171
13.639637,-0.008376,-0.001110,0.007184,0.011090,0.031528
13.649697,-0.008428,-0.001036,0.008318,0.011887,0.029491
13.659757,-0.008218,-0.000853,0.009709,0.012748,0.025257
13.669818,-0.008102,-0.000835,0.010759,0.013494,0.023831
13.679870,-0.007859,-0.000829,0.011761,0.014169,0.020390
13.689933,-0.007802,-0.000810,0.012764,0.014981,0.018313
13.699986,-0.007492,-0.000621,0.013819,0.015732,0.015241
13.710038,-0.007422,-0.000572,0.014875,0.016633,0.013480
13.720091,-0.007073,-0.000642,0.015709,0.017240,0.011734
13.730142,-0.007073,-0.000560,0.016859,0.018291,0.010899
13.740196,-0.006938,-0.000559,0.017848,0.019158,0.010301
13.750248,-0.006531,-0.000525,0.018525,0.019650,0.010151
13.760300,-0.006269,-0.000510,0.019411,0.020405,0.010459
13.770352,-0.005919,-0.000467,0.020072,0.020932,0.011892
13.780414,-0.005689,-0.000394,0.020942,0.021705,0.012977
13.790474,-0.005247,-0.000421,0.021487,0.022122,0.014694
13.800535,-0.004926,-0.000438,0.022236,0.022780,0.015735
13.810595,-0.004548,-0.000386,0.022597,0.023053,0.017546
13.820658,-0.004176,-0.000428,0.023196,0.023573,0.018254
13.830721,-0.003682,-0.000376,0.023483,0.023772,0.019600
13.840784,-0.003347,-0.000360,0.024135,0.024369,0.020516
13.850846,-0.002825,-0.000334,0.024330,0.024495,0.022050
13.860908,-0.002354,-0.000326,0.024801,0.024915,0.022331
13.870972,-0.001648,-0.000445,0.024688,0.024747,0.021987
13.881034,-0.000970,-0.000471,0.024920,0.024943,0.021248
13.891098,-0.000285,-0.000539,0.024707,0.024714,0.020907
13.901158,0.000414,-0.000580,0.024919,0.024929,0.020298
13.911220,0.001222,-0.000652,0.024500,0.024539,0.019298
13.921279,0.001955,-0.000674,0.024682,0.024768,0.018640
13.931342,0.002811,-0.000731,0.024157,0.024331,0.016954
13.941397,0.003565,-0.000771,0.024300,0.024572,0.016274
13.951449,0.004271,-0.000722,0.023709,0.024102,0.015054
13.961517,0.005085,-0.000754,0.023637,0.024189,0.013742
13.971578,0.005810,-0.000773,0.022920,0.023658,0.011996
13.981639,0.006670,-0.000775,0.022754,0.023724,0.010754
13.991699,0.007235,-0.000737,0.021953,0.023126,0.010020
14.001758,0.008038,-0.000780,0.021733,0.023185,0.009149
14.011818,0.008822,-0.000788,0.021518,0.023269,0.008823
14.021879,0.009218,-0.000917,0.020561,0.022552,0.007903
14.031942,0.009907,-0.000871,0.020325,0.022628,0.007901
14.042003,0.010423,-0.000703,0.019352,0.021991,0.009342
14.052063,0.011182,-0.000505,0.019060,0.022104,0.010422
14.062124,0.011572,-0.000363,0.017987,0.021391,0.011482
14.072183,0.012251,-0.000210,0.017679,0.021510,0.012011
14.082244,0.012505,-0.000086,0.016627,0.020805,0.012167
14.092303,0.013064,-0.000038,0.016424,0.020986,0.011236
14.102365,0.013280,-0.000026,0.015386,0.020324,0.010572
14.112427,0.013809,0.000075,0.015076,0.020445,0.009783
14.122489,0.013824,0.000093,0.014239,0.019846,0.008011
14.132552,0.014253,0.000119,0.013944,0.019940,0.007300
14.142614,0.014224,0.000153,0.013134,0.019361,0.007578
14.152667,0.014646,0.000188,0.012803,0.019454,0.007865
14.162731,0.014397,0.000179,0.012037,0.018767,0.009133
14.172783,0.014826,0.000231,0.011591,0.018821,0.010928
14.182830,0.014566,0.000222,0.010828,0.018151,0.012105
14.192882,0.014883,0.000293,0.010508,0.018221,0.013633
14.202935,0.014613,0.000275,0.009613,0.017493,0.014061
14.212987,0.014946,0.000308,0.009165,0.017535,0.014686
14.223039,0.014702,0.000301,0.008226,0.016850,0.015397
14.233091,0.015060,0.000329,0.007554,0.016852,0.016195
14.243143,0.014599,0.000380,0.006889,0.016147,0.017510
14.253195,0.014791,0.000416,0.006332,0.016095,0.018485
14.263248,0.014225,0.000480,0.005467,0.015247,0.019564
14.273300,0.014357,0.000526,0.004982,0.015206,0.020493
14.283355,0.014528,0.000610,0.004519,0.015226,0.021671
14.293405,0.013923,0.000656,0.003880,0.014469,0.023574
14.303458,0.014122,0.000678,0.003067,0.014467,0.024460
14.313518,0.013564,0.000696,0.002295,0.013774,0.025369
14.323569,0.013627,0.000695,0.001602,0.013739,0.025759
14.333616,0.013105,0.000706,0.000682,0.013142,0.027297
14.343679,0.013216,0.000684,-0.000213,0.013236,0.028003
14.353741,0.012706,0.000683,-0.001211,0.012782,0.029202
14.363803,0.012800,0.000676,-0.002228,0.013010,0.029662
14.373862,0.012309,0.000594,-0.003288,0.012754,0.029592
14.383924,0.012408,0.000533,-0.004447,0.013191,0.029465
14.393984,0.012028,0.000420,-0.005811,0.013364,0.029546
14.404038,0.012136,0.000312,-0.007136,0.014082,0.028862
14.414091,0.011782,0.000189,-0.008498,0.014528,0.028238
14.424143,0.011910,0.000073,-0.009940,0.015513,0.027902
14.434204,0.011561,-0.000095,-0.011321,0.016182,0.028567
14.444265,0.011651,-0.000258,-0.012644,0.017195,0.028665
14.454330,0.011325,-0.000460,-0.014063,0.018063,0.029506
14.464390,0.011428,-0.000686,-0.015451,0.019230,0.030142
14.474454,0.011100,-0.000942,-0.016726,0.020096,0.031443
14.484518,0.011166,-0.001124,-0.017995,0.021208,0.032781
14.494573,0.010823,-0.001402,-0.019177,0.022065,0.034327
14.504633,0.010823,-0.001615,-0.020389,0.023140,0.035712
14.514696,0.010636,-0.002067,-0.021707,0.024260,0.038309
14.524757,0.010574,-0.002290,-0.022811,0.025247,0.039651
14.534820,0.010265,-0.002594,-0.023607,0.025872,0.041812
14.544844,0.010099,-0.002804,-0.024605,0.026744,0.042587
14.554900,0.009775,-0.003150,-0.025438,0.027432,0.044457
14.564956,0.009667,-0.003389,-0.026461,0.028375,0.045744
14.575010,0.009606,-0.003600,-0.028922,0.030688,0.047105
14.585062,0.009024,-0.003826,-0.029348,0.030942,0.047596
14.595115,0.008683,-0.004031,-0.030149,0.031632,0.048080
14.605166,0.008053,-0.004239,-0.030497,0.031826,0.048236
14.615226,0.007582,-0.004291,-0.031097,0.032294,0.047883
14.625289,0.006984,-0.004458,-0.031185,0.032267,0.048185
14.635348,0.006513,-0.004643,-0.031940,0.032926,0.049116
14.645409,0.005860,-0.004623,-0.031775,0.032639,0.048595
14.655469,0.005339,-0.004604,-0.032082,0.032848,0.048330
14.665521,0.004748,-0.004613,-0.031801,0.032483,0.048152
14.675576,0.004208,-0.004636,-0.032151,0.032755,0.047934
14.685627,0.003495,-0.004588,-0.031671,0.032192,0.047087
14.695680,0.002921,-0.004584,-0.031747,0.032209,0.046453
14.705733,0.002333,-0.004555,-0.031189,0.031606,0.045424
14.715788,0.001733,-0.004492,-0.031249,0.031618,0.044982
14.725833,0.001110,-0.004357,-0.030420,0.030751,0.043384
14.735885,0.000495,-0.004301,-0.030377,0.030684,0.042530
14.745939,-0.000033,-0.004155,-0.029636,0.029925,0.041518
14.755991,-0.000634,-0.004034,-0.029431,0.029713,0.040546
14.766043,-0.001300,-0.004154,-0.028637,0.028966,0.040112
14.776096,-0.001988,-0.004080,-0.028361,0.028721,0.039200
14.786148,-0.002537,-0.004074,-0.027453,0.027869,0.038562
14.796201,-0.003142,-0.004057,-0.027118,0.027600,0.038137
14.806254,-0.003619,-0.004079,-0.026216,0.026777,0.037837
14.816307,-0.004213,-0.004057,-0.025892,0.026545,0.037582
14.826363,-0.004855,-0.004026,-0.025627,0.026392,0.037558
14.836412,-0.005208,-0.003952,-0.024635,0.025488,0.037648
14.846476,-0.005760,-0.003928,-0.024219,0.025203,0.038003
14.856539,-0.006014,-0.003846,-0.023395,0.024460,0.038581
14.866603,-0.006612,-0.003712,-0.022874,0.024098,0.038199
14.876668,-0.006792,-0.003627,-0.021998,0.023307,0.039178
14.886730,-0.007305,-0.003505,-0.021641,0.023108,0.039442
14.896793,-0.007425,-0.003399,-0.020810,0.022355,0.040693
14.906855,-0.007915,-0.003348,-0.020399,0.022135,0.041706
14.916921,-0.007995,-0.003239,-0.019615,0.021428,0.043092
14.926986,-0.008434,-0.003178,-0.019247,0.021253,0.044159
14.937039,-0.008490,-0.003019,-0.018385,0.020475,0.045476
14.947091,-0.008864,-0.002926,-0.018063,0.020333,0.046163
14.957144,-0.008878,-0.002849,-0.017338,0.019686,0.047666
14.967196,-0.009241,-0.002729,-0.016938,0.019487,0.048247
14.977247,-0.009149,-0.002671,-0.016424,0.018989,0.050582
14.987299,-0.009482,-0.002565,-0.015998,0.018773,0.051102
14.997351,-0.009377,-0.002516,-0.015394,0.018199,0.052479
15.007407,-0.009741,-0.002379,-0.014953,0.018004,0.052320
15.017461,-0.009427,-0.002410,-0.014649,0.017586,0.054159
15.027525,-0.009745,-0.002351,-0.014314,0.017475,0.054130
15.037585,-0.009538,-0.002278,-0.013682,0.016833,0.054017
15.047643,-0.009787,-0.002235,-0.013439,0.016774,0.054639
15.057703,-0.009604,-0.002137,-0.012801,0.016145,0.054354
15.067756,-0.009767,-0.002120,-0.012491,0.015997,0.054914
15.077809,-0.009397,-0.002144,-0.012169,0.015524,0.055530
15.087830,-0.009637,-0.002083,-0.011657,0.015267,0.054878
15.097883,-0.009857,-0.002014,-0.011332,0.015154,0.054753
15.107934,-0.009491,-0.001987,-0.010949,0.014626,0.055080
15.117988,-0.009634,-0.001996,-0.010604,0.014465,0.055281
15.128041,-0.009214,-0.001989,-0.010263,0.013935,0.055733
15.138096,-0.009360,-0.001951,-0.009922,0.013779,0.055775
15.148148,-0.008991,-0.001905,-0.009503,0.013220,0.055918
15.158203,-0.009043,-0.001913,-0.009116,0.012982,0.055969
15.168255,-0.008737,-0.001858,-0.008582,0.012387,0.055918
15.178308,-0.008808,-0.001874,-0.008242,0.012207,0.056111
15.188362,-0.008460,-0.001786,-0.007887,0.011704,0.056429
15.198414,-0.008515,-0.001861,-0.007546,0.011528,0.057166
15.208472,-0.008147,-0.001776,-0.007124,0.010967,0.056623
15.218527,-0.008149,-0.001797,-0.006713,0.010710,0.056737
15.228579,-0.007780,-0.001802,-0.006299,0.010171,0.056768
15.238633,-0.007856,-0.001664,-0.005779,0.009893,0.056086
15.248694,-0.007481,-0.001743,-0.005339,0.009355,0.056253
15.258758,-0.007532,-0.001644,-0.004792,0.009077,0.055542
15.268823,-0.007221,-0.001523,-0.004214,0.008498,0.054482
15.278881,-0.007147,-0.001639,-0.003689,0.008208,0.054038
15.288949,-0.006928,-0.001553,-0.002943,0.007686,0.051402
15.299013,-0.006910,-0.001456,-0.002280,0.007420,0.050126
15.309072,-0.006497,-0.001535,-0.001731,0.006896,0.048512
15.319126,-0.006645,-0.001493,-0.000969,0.006879,0.046374
15.329178,-0.006403,-0.001356,-0.000190,0.006548,0.043631
15.339239,-0.006357,-0.001388,0.000498,0.006526,0.041950
15.349300,-0.006144,-0.001389,0.001322,0.006437,0.038905
15.359360,-0.006267,-0.001290,0.002110,0.006738,0.036726
15.369422,-0.006308,-0.001262,0.002860,0.007040,0.034789
15.379484,-0.006068,-0.001148,0.003697,0.007197,0.031946
15.389545,-0.006057,-0.001183,0.004321,0.007534,0.030583
15.399607,-0.005970,-0.001051,0.004996,0.007856,0.028245
15.409667,-0.005998,-0.000971,0.005793,0.008395,0.026689
15.419722,-0.005885,-0.000846,0.006503,0.008812,0.024378
15.429785,-0.005830,-0.000742,0.007170,0.009271,0.023481
15.439845,-0.005659,-0.000647,0.007745,0.009614,0.021521
15.449907,-0.005754,-0.000632,0.008366,0.010173,0.020168
15.459967,-0.005699,-0.000536,0.008896,0.010578,0.017849
15.470028,-0.005701,-0.000435,0.009415,0.011015,0.016911
15.480082,-0.005453,-0.000417,0.009808,0.011230,0.015395
15.490132,-0.005481,-0.000365,0.010161,0.011551,0.014309
15.500183,-0.005422,-0.000292,0.010550,0.011865,0.011779
15.510237,-0.005454,-0.000250,0.011021,0.012299,0.010405
15.520290,-0.005370,-0.000344,0.011156,0.012386,0.008303
15.530354,-0.005318,-0.000370,0.011282,0.012477,0.008329
15.540417,-0.005302,-0.000316,0.011708,0.012856,0.007905
15.550475,-0.005356,-0.000373,0.011992,0.013139,0.008297
15.560539,-0.005140,-0.000434,0.011798,0.012876,0.008553
15.570592,-0.005064,-0.000452,0.012017,0.013049,0.008828
15.580644,-0.004808,-0.000438,0.012182,0.013104,0.009208
15.590695,-0.004729,-0.000455,0.012131,0.013028,0.009398
15.600747,-0.004619,-0.000353,0.012119,0.012974,0.009607
15.610797,-0.004600,-0.000376,0.012380,0.013212,0.009926
15.620832,-0.004469,-0.000369,0.012178,0.012978,0.010119
15.630881,-0.004462,-0.000340,0.012297,0.013086,0.010458
15.640945,-0.004466,-0.000322,0.012500,0.013278,0.010724
15.651008,-0.004232,-0.000392,0.012144,0.012866,0.010065
15.661069,-0.004192,-0.000402,0.012155,0.012864,0.010141
15.671133,-0.003960,-0.000482,0.011809,0.012464,0.009688
15.681197,-0.003948,-0.000533,0.011926,0.012573,0.009900
15.691261,-0.003772,-0.000644,0.011493,0.012113,0.009185
15.701321,-0.003614,-0.000736,0.011238,0.011828,0.008581
15.711383,-0.003429,-0.000835,0.010838,0.011398,0.007963
15.721448,-0.003329,-0.000839,0.010699,0.011236,0.007496
15.731522,-0.003143,-0.000874,0.010379,0.010879,0.007547
15.741579,-0.002925,-0.000978,0.010246,0.010700,0.007412
15.751644,-0.002610,-0.001056,0.009610,0.010014,0.007814
15.761705,-0.002414,-0.001097,0.009330,0.009699,0.008417
15.771768,-0.002209,-0.001130,0.008976,0.009313,0.008777
15.781820,-0.002097,-0.001185,0.008716,0.009043,0.009432
15.791881,-0.001839,-0.001174,0.008165,0.008451,0.010980
15.801933,-0.001721,-0.001168,0.008007,0.008273,0.011672
15.811993,-0.001544,-0.001183,0.007439,0.007690,0.013258
15.822059,-0.001415,-0.001240,0.007084,0.007330,0.014481
15.832116,-0.001335,-0.001215,0.006705,0.006943,0.015244
15.842179,-0.001264,-0.001187,0.006404,0.006635,0.016016
15.852240,-0.001145,-0.001115,0.005922,0.006134,0.017581
15.862300,-0.001089,-0.001079,0.005724,0.005925,0.018048
15.872364,-0.000989,-0.001059,0.005212,0.005409,0.019335
15.882424,-0.000940,-0.001019,0.005080,0.005265,0.019971
15.892486,-0.000913,-0.000929,0.004658,0.004836,0.020371
15.902546,-0.000857,-0.000849,0.004532,0.004689,0.020278
15.912631,-0.000747,-0.000728,0.004127,0.004256,0.021152
15.922693,-0.000712,-0.000681,0.004065,0.004183,0.021462
15.932754,-0.000694,-0.000679,0.003989,0.004106,0.021418
15.942815,-0.000620,-0.000627,0.003633,0.003739,0.022488
15.952875,-0.000607,-0.000641,0.003526,0.003635,0.022356
15.962929,-0.000579,-0.000662,0.003213,0.003331,0.022229
15.972987,-0.000560,-0.000659,0.003075,0.003194,0.022356
15.983050,-0.000539,-0.000677,0.002886,0.003013,0.022557
15.993112,-0.000532,-0.000680,0.002814,0.002943,0.022557
